Car_ID,num__0,num__1,num__2,num__3,num__4,num__5,num__6,num__7,nominal__Brand_Honda,nominal__Brand_Hyundai,nominal__Brand_Kia,nominal__Brand_Mahindra,nominal__Brand_Maruti,nominal__Brand_Renault,nominal__Brand_Skoda,nominal__Brand_Tata,nominal__Brand_Toyota,nominal__Brand_Volkswagen,nominal__Fuel_Type_CNG,nominal__Fuel_Type_Diesel,nominal__Fuel_Type_Electric,nominal__Fuel_Type_Petrol,nominal__Transmission_Automatic,nominal__Transmission_Manual,nominal__City_Ahmedabad,nominal__City_Bengaluru,nominal__City_Chandigarh,nominal__City_Delhi,nominal__City_Hyderabad,nominal__City_Jaipur,nominal__City_Kochi,nominal__City_Lucknow,nominal__City_Mumbai,nominal__City_Pune,nominal__Seller_Type_Certified Dealer,nominal__Seller_Type_Dealer,nominal__Seller_Type_Individual,Resale_Price_Lakh
CAR0133,-0.4863912137411916,-0.22588338467787272,-0.32288237048654206,0.3044850821433459,-0.755751510402082,0.0,-0.4541049754055279,0.0,0.0,0.0,0.0,0.0,0.0,0.0,0.0,0.0,0.0,1.0,0.0,1.0,0.0,0.0,0.0,1.0,0.0,0.0,0.0,0.0,0.0,0.0,0.0,1.0,0.0,0.0,1.0,0.0,0.0,4.26
CAR0318,0.7254448029765217,0.08937077913559642,-0.6564313596903303,-0.330444226859451,-0.755751510402082,0.0,-0.6146724805212946,0.0,0.0,0.0,0.0,1.0,0.0,0.0,0.0,0.0,0.0,0.0,0.0,1.0,0.0,0.0,1.0,0.0,0.0,0.0,0.0,1.0,0.0,0.0,0.0,0.0,0.0,0.0,0.0,1.0,0.0,5.3
CAR0235,-1.3952682262794767,1.1157980888944223,-0.1205293170362439,0.42078401498049145,-0.755751510402082,0.0,-0.5343887279634113,0.0,0.0,0.0,0.0,0.0,0.0,1.0,0.0,0.0,0.0,0.0,0.0,0.0,0.0,1.0,0.0,1.0,0.0,0.0,0.0,0.0,0.0,0.0,1.0,0.0,0.0,0.0,0.0,0.0,1.0,1.23
CAR0313,1.02840380715595,-0.19507586822129377,0.4798588635305749,0.4144975861784839,0.484456096411591,0.0,0.18816504505753917,0.0,0.0,0.0,0.0,1.0,0.0,0.0,0.0,0.0,0.0,0.0,0.0,1.0,0.0,0.0,0.0,1.0,0.0,0.0,0.0,0.0,0.0,0.0,0.0,0.0,0.0,1.0,0.0,1.0,0.0,7.09
CAR0233,-1.0923092221000483,0.7066799231063674,0.78672393359806,-0.43731351649358524,0.484456096411591,0.0,0.10788129249965579,0.0,0.0,0.0,0.0,0.0,0.0,0.0,0.0,0.0,1.0,0.0,0.0,0.0,0.0,1.0,1.0,0.0,0.0,0.0,0.0,1.0,0.0,0.0,0.0,0.0,0.0,0.0,0.0,0.0,1.0,2.69
CAR0125,1.3313628113353784,-0.5793784381846917,-0.17612081523687526,-1.2074010447395507,0.484456096411591,0.0,1.5529888385415567,0.0,0.0,0.0,0.0,0.0,0.0,1.0,0.0,0.0,0.0,0.0,0.0,1.0,0.0,0.0,0.0,1.0,0.0,0.0,0.0,0.0,0.0,0.0,0.0,1.0,0.0,0.0,1.0,0.0,0.0,5.71
CAR0102,0.7254448029765217,0.12297640947217656,-1.4324886745711443,-1.8957649985594143,-0.755751510402082,0.0,0.5093000552890727,0.0,0.0,0.0,0.0,0.0,0.0,1.0,0.0,0.0,0.0,0.0,0.0,0.0,0.0,1.0,0.0,1.0,0.0,0.0,0.0,0.0,1.0,0.0,0.0,0.0,0.0,0.0,0.0,0.0,1.0,5.02
CAR0110,0.7254448029765217,-0.2505859253962672,0.6421860382764185,-0.7956399582080345,-0.755751510402082,0.0,-0.8555237381949448,0.0,0.0,0.0,0.0,0.0,1.0,0.0,0.0,0.0,0.0,0.0,0.0,1.0,0.0,0.0,0.0,1.0,0.0,0.0,1.0,0.0,0.0,0.0,0.0,0.0,0.0,0.0,0.0,0.0,1.0,6.0
CAR0255,0.4224857987970934,-0.753059345180726,0.12184961511850888,-0.22986136602732432,-0.755751510402082,0.0,0.7501513129627229,0.0,0.0,0.0,1.0,0.0,0.0,0.0,0.0,0.0,0.0,0.0,0.0,0.0,0.0,1.0,0.0,1.0,0.0,0.0,0.0,0.0,1.0,0.0,0.0,0.0,0.0,0.0,0.0,1.0,0.0,5.27
CAR0159,0.7254448029765217,-1.2876686789203502,-1.4969748124838766,-0.7736374574010068,0.484456096411591,0.0,1.39242133342579,0.0,0.0,0.0,0.0,0.0,0.0,0.0,1.0,0.0,0.0,0.0,0.0,0.0,0.0,1.0,1.0,0.0,0.0,0.0,0.0,0.0,0.0,0.0,0.0,0.0,0.0,1.0,0.0,0.0,1.0,5.77
CAR0281,0.4224857987970934,-0.8496931972587475,0.7400270751095297,0.38620865656944825,-0.755751510402082,0.0,0.42901630273118935,0.0,0.0,0.0,0.0,0.0,0.0,0.0,0.0,1.0,0.0,0.0,0.0,1.0,0.0,0.0,0.0,1.0,1.0,0.0,0.0,0.0,0.0,0.0,0.0,0.0,0.0,0.0,0.0,1.0,0.0,6.56
CAR0032,1.6343218155148067,2.8773167655173024,2.7991361684609157,-2.0466392898076036,0.484456096411591,0.0,1.39242133342579,0.0,0.0,0.0,0.0,0.0,0.0,0.0,0.0,0.0,0.0,1.0,0.0,0.0,0.0,1.0,1.0,0.0,0.0,0.0,0.0,0.0,0.0,0.0,0.0,1.0,0.0,0.0,1.0,0.0,0.0,15.0
CAR0263,1.6343218155148067,-1.417286358250507,0.4398329848261203,0.4144975861784839,-0.755751510402082,0.0,0.42901630273118935,0.0,0.0,0.0,0.0,0.0,0.0,0.0,1.0,0.0,0.0,0.0,0.0,0.0,0.0,1.0,0.0,1.0,0.0,0.0,0.0,0.0,0.0,0.0,0.0,1.0,0.0,0.0,0.0,0.0,1.0,9.83
CAR0196,-1.698227230458905,0.7347175894595108,-0.863231732996679,-1.141393542318468,1.7246637032252639,0.0,-1.0160912433107117,0.0,0.0,0.0,0.0,0.0,0.0,0.0,1.0,0.0,0.0,0.0,0.0,0.0,0.0,1.0,1.0,0.0,0.0,0.0,0.0,0.0,0.0,0.0,0.0,1.0,0.0,0.0,0.0,0.0,1.0,1.2
CAR0147,1.02840380715595,-1.38274802328726,1.082470704025419,0.8231154583089965,-0.755751510402082,0.0,-0.5343887279634113,0.0,0.0,0.0,0.0,0.0,0.0,0.0,0.0,0.0,0.0,1.0,0.0,1.0,0.0,0.0,0.0,1.0,0.0,0.0,0.0,0.0,1.0,0.0,0.0,0.0,0.0,0.0,0.0,1.0,0.0,8.84
CAR0219,0.11952679461766508,-0.8566178225173363,-0.09162173797191557,0.4899347318025778,2.3447675066321003,0.0,-1.738645016331662,0.0,0.0,0.0,1.0,0.0,0.0,0.0,0.0,0.0,0.0,0.0,0.0,0.0,0.0,1.0,0.0,1.0,0.0,0.0,0.0,0.0,0.0,0.0,0.0,0.0,1.0,0.0,1.0,0.0,0.0,4.44
CAR0094,0.4224857987970934,-1.3316471152565308,-0.0560431791235115,0.41135437177747924,1.7246637032252639,0.0,-0.9358074907528282,0.0,0.0,0.0,0.0,0.0,0.0,0.0,1.0,0.0,0.0,0.0,0.0,0.0,0.0,1.0,0.0,1.0,0.0,0.0,0.0,0.0,0.0,0.0,0.0,0.0,0.0,1.0,0.0,0.0,1.0,7.39
CAR0138,1.3313628113353784,-1.6442444840728272,0.8934596101432724,0.2133318645142314,1.7246637032252639,0.0,0.26844879761542256,0.0,0.0,0.0,0.0,0.0,0.0,0.0,0.0,1.0,0.0,0.0,0.0,1.0,0.0,0.0,1.0,0.0,0.0,0.0,0.0,0.0,0.0,0.0,1.0,0.0,0.0,0.0,0.0,0.0,1.0,7.97
CAR0060,-0.4863912137411916,0.4807110294638458,0.04624517756565022,0.8796933175270668,-0.755751510402082,0.0,-1.6583612637737786,0.0,0.0,0.0,0.0,0.0,0.0,0.0,0.0,0.0,1.0,0.0,0.0,1.0,0.0,0.0,1.0,0.0,0.0,0.0,0.0,0.0,0.0,0.0,0.0,0.0,0.0,1.0,0.0,0.0,1.0,1.72
CAR0117,0.11952679461766508,-0.8766851038789611,0.7845002736700348,2.0049640730864784,-0.755751510402082,0.0,-0.9358074907528282,0.0,0.0,1.0,0.0,0.0,0.0,0.0,0.0,0.0,0.0,0.0,0.0,0.0,0.0,1.0,0.0,1.0,0.0,1.0,0.0,0.0,0.0,0.0,0.0,0.0,0.0,0.0,0.0,0.0,1.0,5.84
CAR0007,-1.0923092221000483,0.8117363806009581,-0.3673555690470472,-0.09784636118515909,-0.755751510402082,0.0,-1.1766587484264783,0.0,0.0,0.0,1.0,0.0,0.0,0.0,0.0,0.0,0.0,0.0,0.0,0.0,0.0,1.0,0.0,1.0,0.0,1.0,0.0,0.0,0.0,0.0,0.0,0.0,0.0,0.0,0.0,0.0,1.0,1.2
CAR0197,-0.7893502179206199,0.25129395508031266,-0.3629082491909967,-0.1292785051951985,-0.755751510402082,0.0,1.1515700757521399,0.0,0.0,1.0,0.0,0.0,0.0,0.0,0.0,0.0,0.0,0.0,0.0,0.0,1.0,0.0,1.0,0.0,0.0,1.0,0.0,0.0,0.0,0.0,0.0,0.0,0.0,0.0,0.0,1.0,0.0,4.35
CAR0031,1.02840380715595,-1.1229191253190671,0.3820178266974637,-0.6730545965688809,1.7246637032252639,0.0,0.027597539941772414,0.0,0.0,0.0,0.0,0.0,0.0,0.0,0.0,1.0,0.0,0.0,0.0,1.0,0.0,0.0,0.0,1.0,0.0,1.0,0.0,0.0,0.0,0.0,0.0,0.0,0.0,0.0,1.0,0.0,0.0,6.85
CAR0023,-0.18343220956176326,0.5506356126873103,-1.5503426507564828,-0.5598988781327383,0.484456096411591,0.0,0.18816504505753917,0.0,0.0,0.0,0.0,0.0,0.0,0.0,0.0,1.0,0.0,0.0,0.0,0.0,0.0,1.0,0.0,1.0,0.0,0.0,0.0,0.0,1.0,0.0,0.0,0.0,0.0,0.0,0.0,0.0,1.0,2.65
CAR0273,-1.698227230458905,1.0159704300644805,0.4932008230987264,0.48050508859956653,-0.755751510402082,0.0,-0.4541049754055279,0.0,0.0,0.0,0.0,0.0,1.0,0.0,0.0,0.0,0.0,0.0,0.0,1.0,0.0,0.0,1.0,0.0,0.0,0.0,0.0,0.0,1.0,0.0,0.0,0.0,0.0,0.0,0.0,0.0,1.0,1.2
CAR0289,1.3313628113353784,-1.4472176976335502,-1.6303944081653918,-0.06012778837311213,-0.755751510402082,0.0,-0.2935374702897611,0.0,0.0,0.0,0.0,0.0,0.0,0.0,0.0,0.0,0.0,1.0,0.0,0.0,1.0,0.0,0.0,1.0,0.0,0.0,0.0,0.0,0.0,0.0,0.0,1.0,0.0,0.0,0.0,0.0,1.0,8.89
CAR0057,1.3313628113353784,-0.8761198283476478,-0.8098638947240728,-1.3111271199726806,1.7246637032252639,0.0,-1.5780775112158953,0.0,0.0,0.0,0.0,1.0,0.0,0.0,0.0,0.0,0.0,0.0,0.0,0.0,0.0,1.0,1.0,0.0,0.0,0.0,0.0,0.0,0.0,0.0,1.0,0.0,0.0,0.0,0.0,0.0,1.0,7.43
CAR0166,-0.18343220956176326,0.20194540119665502,-0.8832446723489062,-1.6411646320780946,0.484456096411591,0.0,0.42901630273118935,0.0,0.0,0.0,0.0,0.0,1.0,0.0,0.0,0.0,0.0,0.0,0.0,0.0,0.0,1.0,0.0,1.0,0.0,1.0,0.0,0.0,0.0,0.0,0.0,0.0,0.0,0.0,0.0,0.0,1.0,2.62
CAR0119,1.3313628113353784,-1.224470874519515,1.2959420571158433,0.35163329815840505,0.484456096411591,0.0,0.10788129249965579,0.0,0.0,0.0,0.0,0.0,1.0,0.0,0.0,0.0,0.0,0.0,0.0,0.0,1.0,0.0,1.0,0.0,0.0,0.0,1.0,0.0,0.0,0.0,0.0,0.0,0.0,0.0,0.0,0.0,1.0,8.81
CAR0205,-0.18343220956176326,0.5678482526158025,-0.5052224845846129,-2.228945725065832,0.484456096411591,0.0,-1.1766587484264783,0.0,0.0,0.0,0.0,0.0,1.0,0.0,0.0,0.0,0.0,0.0,1.0,0.0,0.0,0.0,0.0,1.0,0.0,0.0,0.0,0.0,0.0,1.0,0.0,0.0,0.0,0.0,0.0,1.0,0.0,1.42
CAR0082,0.4224857987970934,-0.7441279917859748,0.021784918357372417,-0.4813185181076397,-0.755751510402082,0.0,-1.738645016331662,0.0,0.0,0.0,1.0,0.0,0.0,0.0,0.0,0.0,0.0,0.0,0.0,1.0,0.0,0.0,1.0,0.0,0.0,0.0,0.0,0.0,1.0,0.0,0.0,0.0,0.0,0.0,0.0,0.0,1.0,4.93
CAR0146,-0.7893502179206199,1.2345342142467968,1.300389376971894,-0.7327756701879555,-0.755751510402082,0.0,-1.2569425009843618,0.0,0.0,0.0,0.0,0.0,0.0,0.0,0.0,0.0,1.0,0.0,0.0,0.0,0.0,1.0,1.0,0.0,0.0,1.0,0.0,0.0,0.0,0.0,0.0,0.0,0.0,0.0,0.0,1.0,0.0,2.17
CAR0040,-1.0923092221000483,1.0325047393553966,1.0224318859687371,-0.7390620989899636,0.484456096411591,0.0,-0.6949562330791781,0.0,0.0,0.0,0.0,0.0,0.0,0.0,0.0,1.0,0.0,0.0,0.0,1.0,0.0,0.0,0.0,1.0,1.0,0.0,0.0,0.0,0.0,0.0,0.0,0.0,0.0,0.0,0.0,0.0,1.0,1.34
CAR0220,1.6343218155148067,-1.1250106447849266,0.8689993509349945,0.804256171902972,2.3447675066321003,0.0,-1.0963749958685949,0.0,0.0,0.0,0.0,0.0,0.0,0.0,1.0,0.0,0.0,0.0,0.0,0.0,1.0,0.0,0.0,1.0,0.0,0.0,0.0,0.0,0.0,0.0,0.0,1.0,0.0,0.0,0.0,1.0,0.0,8.55
CAR0148,0.4224857987970934,-0.5874053507293415,-1.6303944081653918,-0.7107731693809278,0.484456096411591,0.0,-1.2569425009843618,0.0,0.0,0.0,0.0,0.0,0.0,0.0,1.0,0.0,0.0,0.0,0.0,0.0,0.0,1.0,1.0,0.0,0.0,0.0,1.0,0.0,0.0,0.0,0.0,0.0,0.0,0.0,0.0,1.0,0.0,3.87
CAR0182,-1.0923092221000483,1.123768473885941,-0.636418420338103,2.2752805115728174,-0.755751510402082,0.0,0.10788129249965579,0.0,0.0,1.0,0.0,0.0,0.0,0.0,0.0,0.0,0.0,0.0,0.0,0.0,0.0,1.0,1.0,0.0,0.0,0.0,0.0,0.0,0.0,0.0,0.0,0.0,0.0,1.0,0.0,1.0,0.0,2.77
CAR0316,-1.698227230458905,2.2112172772500456,-0.32732969034259257,-0.5724717357367543,0.484456096411591,0.0,1.39242133342579,0.0,0.0,0.0,0.0,1.0,0.0,0.0,0.0,0.0,0.0,0.0,0.0,0.0,0.0,1.0,1.0,0.0,0.0,0.0,0.0,0.0,0.0,0.0,0.0,1.0,0.0,0.0,0.0,1.0,0.0,1.2
CAR0109,-0.4863912137411916,0.8220243952708615,0.6977775364770499,0.29191222453932997,-0.755751510402082,0.0,0.34873255017330596,0.0,0.0,0.0,0.0,0.0,1.0,0.0,0.0,0.0,0.0,0.0,0.0,0.0,0.0,1.0,0.0,1.0,0.0,0.0,0.0,0.0,0.0,0.0,0.0,0.0,0.0,1.0,0.0,1.0,0.0,2.96
CAR0270,-1.698227230458905,1.4130199632589948,0.22636163173569587,0.7225325974768697,-0.755751510402082,0.0,-1.0963749958685949,0.0,1.0,0.0,0.0,0.0,0.0,0.0,0.0,0.0,0.0,0.0,0.0,0.0,0.0,1.0,0.0,1.0,0.0,0.0,0.0,0.0,0.0,0.0,1.0,0.0,0.0,0.0,0.0,1.0,0.0,1.2
CAR0067,0.7254448029765217,-1.1156270709651246,-0.4807622253763352,0.427070443782499,2.3447675066321003,0.0,-1.738645016331662,0.0,0.0,0.0,0.0,0.0,1.0,0.0,0.0,0.0,0.0,0.0,0.0,1.0,0.0,0.0,0.0,1.0,0.0,0.0,0.0,0.0,0.0,0.0,0.0,1.0,0.0,0.0,0.0,1.0,0.0,5.7
CAR0198,1.6343218155148067,-1.76122825527813,-1.6303944081653918,-0.5347531629247073,1.7246637032252639,0.0,0.5895838078469561,0.0,1.0,0.0,0.0,0.0,0.0,0.0,0.0,0.0,0.0,0.0,0.0,1.0,0.0,0.0,0.0,1.0,0.0,0.0,0.0,0.0,0.0,0.0,0.0,0.0,0.0,1.0,1.0,0.0,0.0,9.72
CAR0019,1.6343218155148067,-1.3477292041223963,0.7956185733101611,-0.06641421717511967,-0.755751510402082,0.0,1.3121375808679065,0.0,0.0,0.0,0.0,0.0,0.0,1.0,0.0,0.0,0.0,0.0,0.0,1.0,0.0,0.0,0.0,1.0,0.0,0.0,0.0,0.0,0.0,0.0,0.0,1.0,0.0,0.0,0.0,0.0,1.0,9.06
CAR0185,-0.4863912137411916,0.04231159115375797,0.39535978626561524,1.3386026200736423,-0.755751510402082,0.0,0.26844879761542256,0.0,0.0,0.0,0.0,0.0,0.0,0.0,0.0,0.0,0.0,1.0,0.0,1.0,0.0,0.0,0.0,1.0,0.0,0.0,0.0,1.0,0.0,0.0,0.0,0.0,0.0,0.0,0.0,0.0,1.0,5.34
CAR0114,-0.18343220956176326,-1.0422825707772143,0.6977775364770499,-0.6384792381578368,-0.755751510402082,0.0,0.7501513129627229,0.0,0.0,0.0,1.0,0.0,0.0,0.0,0.0,0.0,0.0,0.0,0.0,1.0,0.0,0.0,0.0,1.0,0.0,0.0,0.0,0.0,1.0,0.0,0.0,0.0,0.0,0.0,0.0,1.0,0.0,4.6
CAR0020,-1.698227230458905,1.206863976989007,-0.7653906961635678,-0.40588137248354583,1.7246637032252639,0.0,-1.2569425009843618,0.0,0.0,0.0,0.0,0.0,0.0,0.0,0.0,0.0,0.0,1.0,0.0,1.0,0.0,0.0,0.0,1.0,0.0,0.0,0.0,1.0,0.0,0.0,0.0,0.0,0.0,0.0,0.0,1.0,0.0,1.2
CAR0183,0.11952679461766508,-1.0902179358325885,-1.2990690788896289,-0.4215974444885655,-0.755751510402082,0.0,0.5093000552890727,0.0,0.0,0.0,0.0,0.0,0.0,0.0,0.0,1.0,0.0,0.0,0.0,0.0,0.0,1.0,0.0,1.0,0.0,0.0,0.0,0.0,0.0,0.0,0.0,0.0,0.0,1.0,0.0,1.0,0.0,4.28
CAR0093,-1.3952682262794767,1.9675835232539813,-1.0344535474546237,-0.7359188845889594,1.7246637032252639,0.0,-0.21325371773187773,0.0,0.0,0.0,0.0,0.0,0.0,0.0,0.0,0.0,1.0,0.0,0.0,0.0,0.0,1.0,1.0,0.0,0.0,0.0,0.0,0.0,0.0,0.0,1.0,0.0,0.0,0.0,0.0,1.0,0.0,2.22
CAR0080,-0.4863912137411916,1.119755017613616,-1.1278472644316844,-0.4498863740976003,0.484456096411591,0.0,1.6332725910994401,0.0,0.0,0.0,0.0,0.0,0.0,0.0,1.0,0.0,0.0,0.0,0.0,0.0,0.0,1.0,1.0,0.0,0.0,0.0,0.0,0.0,0.0,1.0,0.0,0.0,0.0,0.0,1.0,0.0,0.0,2.66
CAR0221,1.3313628113353784,-1.3367063312617855,1.3226259762521464,0.609376879040728,-0.755751510402082,0.0,0.10788129249965579,0.0,0.0,0.0,0.0,0.0,0.0,0.0,0.0,0.0,0.0,1.0,0.0,1.0,0.0,0.0,0.0,1.0,0.0,0.0,0.0,0.0,0.0,0.0,0.0,0.0,1.0,0.0,0.0,0.0,1.0,10.11
CAR0153,0.4224857987970934,0.2994271665716465,0.9090252296394491,-0.03183885876407647,-0.755751510402082,0.0,0.10788129249965579,0.0,0.0,0.0,0.0,1.0,0.0,0.0,0.0,0.0,0.0,0.0,0.0,1.0,0.0,0.0,0.0,1.0,0.0,0.0,1.0,0.0,0.0,0.0,0.0,0.0,0.0,0.0,1.0,0.0,0.0,5.93
CAR0073,-0.4863912137411916,0.013510802833341521,-0.1783444751649005,1.329172976870631,-0.755751510402082,0.0,-0.5343887279634113,0.0,0.0,0.0,0.0,0.0,0.0,0.0,0.0,0.0,1.0,0.0,0.0,1.0,0.0,0.0,0.0,1.0,0.0,0.0,0.0,0.0,0.0,0.0,0.0,1.0,0.0,0.0,0.0,0.0,1.0,2.96
CAR0097,-0.4863912137411916,0.0778108945202379,1.1625224614343281,-0.3901653004785261,0.484456096411591,0.0,-1.738645016331662,0.0,0.0,0.0,0.0,0.0,0.0,0.0,0.0,0.0,1.0,0.0,0.0,1.0,0.0,0.0,1.0,0.0,0.0,0.0,0.0,0.0,1.0,0.0,0.0,0.0,0.0,0.0,0.0,1.0,0.0,3.03
CAR0016,-0.7893502179206199,-0.2523665433199043,-0.5007751647285624,0.5873743782337008,0.484456096411591,0.0,-1.0963749958685949,0.0,0.0,0.0,0.0,0.0,0.0,0.0,0.0,0.0,0.0,1.0,0.0,0.0,0.0,1.0,0.0,1.0,0.0,0.0,0.0,1.0,0.0,0.0,0.0,0.0,0.0,0.0,0.0,1.0,0.0,1.92
CAR0112,1.3313628113353784,-0.34331937630822634,1.2692581379795405,1.5397683417378947,0.484456096411591,0.0,-0.4541049754055279,0.0,0.0,0.0,1.0,0.0,0.0,0.0,0.0,0.0,0.0,0.0,0.0,0.0,0.0,1.0,0.0,1.0,0.0,0.0,1.0,0.0,0.0,0.0,0.0,0.0,0.0,0.0,0.0,0.0,1.0,7.44
CAR0011,-0.4863912137411916,-0.06842588543053216,1.0246555458967623,0.9645601063541739,0.484456096411591,0.0,-0.21325371773187773,0.0,0.0,0.0,0.0,0.0,0.0,1.0,0.0,0.0,0.0,0.0,0.0,1.0,0.0,0.0,0.0,1.0,0.0,0.0,0.0,0.0,0.0,0.0,0.0,0.0,1.0,0.0,0.0,1.0,0.0,3.46
CAR0181,-1.0923092221000483,0.7303084403152664,-1.3302003178819826,-0.2801527964433881,1.7246637032252639,0.0,1.7135563436573236,0.0,1.0,0.0,0.0,0.0,0.0,0.0,0.0,0.0,0.0,0.0,0.0,1.0,0.0,0.0,0.0,1.0,0.0,1.0,0.0,0.0,0.0,0.0,0.0,0.0,0.0,0.0,0.0,0.0,1.0,1.87
CAR0070,1.3313628113353784,-0.7704133039920467,0.6911065566929742,0.02473900045399485,-0.755751510402082,0.0,-1.5780775112158953,0.0,0.0,0.0,0.0,0.0,0.0,1.0,0.0,0.0,0.0,0.0,0.0,0.0,0.0,1.0,0.0,1.0,0.0,0.0,0.0,0.0,0.0,0.0,1.0,0.0,0.0,0.0,0.0,1.0,0.0,7.95
CAR0098,0.11952679461766508,-0.13840699620712796,0.29974240936052926,0.7162461686748622,-0.755751510402082,0.0,-1.497793758658012,0.0,0.0,0.0,0.0,0.0,1.0,0.0,0.0,0.0,0.0,0.0,0.0,0.0,0.0,1.0,1.0,0.0,0.0,0.0,0.0,0.0,0.0,0.0,0.0,1.0,0.0,0.0,0.0,1.0,0.0,3.24
CAR0302,1.3313628113353784,-1.9310370248846678,0.7978422332381864,1.1500097560134057,-0.755751510402082,0.0,-1.4175100061001285,0.0,0.0,0.0,0.0,0.0,0.0,0.0,0.0,0.0,1.0,0.0,1.0,0.0,0.0,0.0,0.0,1.0,0.0,0.0,0.0,0.0,0.0,0.0,0.0,0.0,1.0,0.0,0.0,0.0,1.0,9.3
CAR0069,0.4224857987970934,-0.6141994109135955,0.2775058100802767,-0.2864392252453956,1.7246637032252639,0.0,0.42901630273118935,0.0,0.0,0.0,0.0,0.0,0.0,0.0,0.0,1.0,0.0,0.0,1.0,0.0,0.0,0.0,0.0,1.0,0.0,0.0,0.0,0.0,0.0,0.0,1.0,0.0,0.0,0.0,1.0,0.0,0.0,6.92
CAR0256,0.11952679461766508,0.3771808159038012,-0.03380657984325895,-0.5441828061277185,0.484456096411591,0.0,0.7501513129627229,0.0,0.0,0.0,0.0,0.0,0.0,0.0,0.0,1.0,0.0,0.0,0.0,1.0,0.0,0.0,1.0,0.0,0.0,0.0,0.0,0.0,0.0,1.0,0.0,0.0,0.0,0.0,0.0,1.0,0.0,6.18
CAR0038,-0.18343220956176326,-0.2586128379409171,0.1062839956223321,0.6785275958628143,-0.755751510402082,0.0,0.6698675604048395,0.0,0.0,0.0,0.0,0.0,0.0,0.0,0.0,0.0,1.0,0.0,0.0,0.0,0.0,1.0,0.0,1.0,1.0,0.0,0.0,0.0,0.0,0.0,0.0,0.0,0.0,0.0,0.0,1.0,0.0,6.51
CAR0127,1.02840380715595,-0.6133232338400598,-0.46074928602410786,0.015309357250982664,-0.755751510402082,0.0,0.10788129249965579,0.0,0.0,0.0,0.0,0.0,0.0,0.0,0.0,0.0,0.0,1.0,0.0,0.0,0.0,1.0,1.0,0.0,0.0,0.0,0.0,0.0,0.0,0.0,0.0,0.0,1.0,0.0,0.0,0.0,1.0,8.56
CAR0017,-0.18343220956176326,-0.3109856159171013,-0.48298588530436043,-0.7044867405789199,2.3447675066321003,0.0,1.3121375808679065,0.0,0.0,0.0,0.0,0.0,0.0,1.0,0.0,0.0,0.0,0.0,0.0,0.0,0.0,1.0,1.0,0.0,0.0,1.0,0.0,0.0,0.0,0.0,0.0,0.0,0.0,0.0,0.0,1.0,0.0,3.69
CAR0229,1.6343218155148067,-0.8530283228934964,0.2686111703681757,0.09703293167708499,-0.755751510402082,0.0,-1.738645016331662,0.0,0.0,0.0,0.0,0.0,0.0,0.0,0.0,1.0,0.0,0.0,0.0,0.0,0.0,1.0,1.0,0.0,0.0,0.0,0.0,0.0,0.0,0.0,0.0,1.0,0.0,0.0,0.0,0.0,1.0,8.62
CAR0068,-1.3952682262794767,2.8773167655173024,2.7991361684609157,-2.455257161938116,0.484456096411591,0.0,1.5529888385415567,0.0,1.0,0.0,0.0,0.0,0.0,0.0,0.0,0.0,0.0,0.0,0.0,0.0,0.0,1.0,0.0,1.0,0.0,0.0,0.0,0.0,0.0,0.0,0.0,0.0,1.0,0.0,0.0,0.0,1.0,12.5
CAR0257,0.4224857987970934,-0.6508857928958336,0.3419919479930091,1.6529240601740365,1.7246637032252639,0.0,-1.2569425009843618,0.0,0.0,0.0,0.0,1.0,0.0,0.0,0.0,0.0,0.0,0.0,0.0,0.0,0.0,1.0,1.0,0.0,0.0,0.0,0.0,0.0,0.0,0.0,0.0,1.0,0.0,0.0,0.0,0.0,1.0,3.59
CAR0248,-0.7893502179206199,1.2358626117453833,1.3759938145247526,0.9551304631511617,-0.755751510402082,0.0,1.7135563436573236,0.0,0.0,0.0,0.0,0.0,0.0,0.0,0.0,0.0,0.0,1.0,0.0,1.0,0.0,0.0,1.0,0.0,0.0,1.0,0.0,0.0,0.0,0.0,0.0,0.0,0.0,0.0,1.0,0.0,0.0,3.71
CAR0126,-1.0923092221000483,1.0420578958345927,-0.3718028889030977,0.8954093895320866,-0.755751510402082,0.0,0.42901630273118935,0.0,0.0,0.0,0.0,0.0,1.0,0.0,0.0,0.0,0.0,0.0,0.0,0.0,0.0,1.0,1.0,0.0,1.0,0.0,0.0,0.0,0.0,0.0,0.0,0.0,0.0,0.0,0.0,1.0,0.0,2.29
CAR0165,1.3313628113353784,-1.6990479468336588,0.12407327504653413,-1.100531755105417,-0.755751510402082,0.0,1.6332725910994401,0.0,0.0,0.0,0.0,0.0,0.0,0.0,1.0,0.0,0.0,0.0,0.0,0.0,0.0,1.0,1.0,0.0,0.0,0.0,0.0,1.0,0.0,0.0,0.0,0.0,0.0,0.0,0.0,0.0,1.0,8.31
CAR0087,1.02840380715595,0.28427778233244805,-0.7009045582508354,0.4144975861784839,-0.755751510402082,0.0,1.1515700757521399,0.0,1.0,0.0,0.0,0.0,0.0,0.0,0.0,0.0,0.0,0.0,0.0,1.0,0.0,0.0,1.0,0.0,0.0,0.0,0.0,0.0,0.0,0.0,0.0,1.0,0.0,0.0,0.0,1.0,0.0,7.59
CAR0305,0.11952679461766508,0.22034511974090537,-0.38736850839927445,-0.10098957558616285,0.484456096411591,0.0,-0.2935374702897611,0.0,0.0,0.0,0.0,0.0,0.0,0.0,0.0,0.0,1.0,0.0,0.0,0.0,0.0,1.0,1.0,0.0,0.0,0.0,1.0,0.0,0.0,0.0,0.0,0.0,0.0,0.0,1.0,0.0,0.0,4.83
CAR0145,-1.3952682262794767,0.823607166758539,1.1625224614343281,0.13160829008812908,-0.755751510402082,0.0,-0.6146724805212946,0.0,0.0,0.0,0.0,0.0,0.0,0.0,0.0,1.0,0.0,0.0,0.0,0.0,0.0,1.0,0.0,1.0,0.0,0.0,0.0,0.0,0.0,0.0,0.0,1.0,0.0,0.0,0.0,1.0,0.0,1.2
CAR0272,-0.7893502179206199,1.038185758445096,-0.8076402347960476,-0.6290495949548256,0.484456096411591,0.0,0.6698675604048395,0.0,0.0,0.0,0.0,0.0,0.0,0.0,0.0,0.0,0.0,1.0,1.0,0.0,0.0,0.0,0.0,1.0,0.0,0.0,0.0,0.0,0.0,0.0,1.0,0.0,0.0,0.0,0.0,1.0,0.0,1.71
CAR0141,-1.3952682262794767,0.7403986085492102,-1.4680672334195484,0.2384775797222624,-0.755751510402082,0.0,0.7501513129627229,0.0,0.0,0.0,0.0,1.0,0.0,0.0,0.0,0.0,0.0,0.0,0.0,1.0,0.0,0.0,1.0,0.0,0.0,0.0,0.0,0.0,0.0,1.0,0.0,0.0,0.0,0.0,0.0,0.0,1.0,1.67
CAR0234,-1.3952682262794767,0.8143366480449996,1.0424448253209644,0.6376658086497636,0.484456096411591,0.0,-1.5780775112158953,0.0,0.0,0.0,0.0,0.0,0.0,1.0,0.0,0.0,0.0,0.0,0.0,0.0,0.0,1.0,1.0,0.0,1.0,0.0,0.0,0.0,0.0,0.0,0.0,0.0,0.0,0.0,0.0,0.0,1.0,1.2
CAR0300,1.6343218155148067,2.7324861084506744,1.4827294910699649,1.8823787114473247,-0.755751510402082,0.0,1.6332725910994401,0.0,0.0,0.0,0.0,0.0,0.0,0.0,0.0,0.0,1.0,0.0,0.0,1.0,0.0,0.0,0.0,1.0,0.0,0.0,0.0,0.0,0.0,0.0,0.0,0.0,0.0,1.0,0.0,0.0,1.0,12.8
CAR0209,0.7254448029765217,-0.9943754694984057,-1.2701614998253006,-0.7484917421929753,-0.755751510402082,0.0,1.3121375808679065,0.0,0.0,0.0,0.0,0.0,0.0,0.0,1.0,0.0,0.0,0.0,1.0,0.0,0.0,0.0,0.0,1.0,0.0,0.0,0.0,0.0,0.0,0.0,0.0,0.0,0.0,1.0,1.0,0.0,0.0,7.17
CAR0307,-0.18343220956176326,-0.04830207651577602,-0.7520487365954163,-0.14185136279921445,0.484456096411591,0.0,0.991002570636373,0.0,0.0,1.0,0.0,0.0,0.0,0.0,0.0,0.0,0.0,0.0,0.0,1.0,0.0,0.0,0.0,1.0,0.0,0.0,0.0,0.0,0.0,0.0,0.0,0.0,1.0,0.0,0.0,1.0,0.0,5.3
CAR0207,1.02840380715595,-0.3393907113655984,0.4153727256178425,0.7382486694818894,0.484456096411591,0.0,-0.21325371773187773,0.0,0.0,0.0,0.0,0.0,0.0,1.0,0.0,0.0,0.0,0.0,0.0,0.0,0.0,1.0,0.0,1.0,0.0,0.0,0.0,0.0,0.0,0.0,0.0,1.0,0.0,0.0,0.0,0.0,1.0,6.23
CAR0130,0.11952679461766508,0.5412520388675083,-0.6164054809858757,-1.6191621312710673,0.484456096411591,0.0,0.7501513129627229,0.0,1.0,0.0,0.0,0.0,0.0,0.0,0.0,0.0,0.0,0.0,0.0,0.0,0.0,1.0,1.0,0.0,0.0,0.0,0.0,0.0,0.0,0.0,0.0,0.0,1.0,0.0,0.0,0.0,1.0,4.44
CAR0039,0.11952679461766508,-0.28243920158577585,0.82897347223054,0.719389383075866,0.484456096411591,0.0,-0.13296996517399434,0.0,0.0,0.0,0.0,0.0,0.0,0.0,0.0,1.0,0.0,0.0,0.0,0.0,0.0,1.0,0.0,1.0,0.0,0.0,0.0,0.0,0.0,1.0,0.0,0.0,0.0,0.0,0.0,1.0,0.0,4.45
CAR0222,-0.7893502179206199,1.1011009250802746,1.2625871581954646,1.0902886823943316,1.7246637032252639,0.0,0.8304350655206063,0.0,0.0,0.0,0.0,0.0,1.0,0.0,0.0,0.0,0.0,0.0,0.0,0.0,0.0,1.0,0.0,1.0,0.0,0.0,1.0,0.0,0.0,0.0,0.0,0.0,0.0,0.0,1.0,0.0,0.0,1.39
CAR0304,-1.698227230458905,1.054324374864093,-1.2679378398972754,-0.9936624654712827,-0.755751510402082,0.0,-1.3372262535422452,0.0,0.0,0.0,0.0,0.0,1.0,0.0,0.0,0.0,0.0,0.0,0.0,1.0,0.0,0.0,0.0,1.0,0.0,0.0,0.0,0.0,0.0,0.0,0.0,1.0,0.0,0.0,0.0,0.0,1.0,1.2
CAR0156,0.11952679461766508,0.3579331840625808,0.4242673653299435,-0.006693143556044575,-0.755751510402082,0.0,-1.5780775112158953,0.0,0.0,0.0,0.0,0.0,0.0,1.0,0.0,0.0,0.0,0.0,0.0,0.0,0.0,1.0,1.0,0.0,0.0,1.0,0.0,0.0,0.0,0.0,0.0,0.0,0.0,0.0,0.0,0.0,1.0,4.25
CAR0113,1.6343218155148067,-0.6619651933095757,0.628844078708267,-0.1292785051951985,-0.755751510402082,0.0,0.027597539941772414,0.0,0.0,0.0,0.0,0.0,1.0,0.0,0.0,0.0,0.0,0.0,0.0,0.0,0.0,1.0,1.0,0.0,0.0,0.0,0.0,0.0,0.0,0.0,0.0,1.0,0.0,0.0,0.0,0.0,1.0,7.84
CAR0268,0.7254448029765217,-0.719708088833237,0.9090252296394491,1.0022786791662208,-0.755751510402082,0.0,-1.0963749958685949,0.0,0.0,0.0,1.0,0.0,0.0,0.0,0.0,0.0,0.0,0.0,0.0,0.0,0.0,1.0,0.0,1.0,0.0,1.0,0.0,0.0,0.0,0.0,0.0,0.0,0.0,0.0,0.0,0.0,1.0,5.4
CAR0118,-1.3952682262794767,1.6528663711952598,-1.2145700016246692,-0.19842922201728488,-0.755751510402082,0.0,-1.4175100061001285,0.0,0.0,0.0,0.0,1.0,0.0,0.0,0.0,0.0,0.0,0.0,0.0,1.0,0.0,0.0,1.0,0.0,0.0,0.0,0.0,0.0,0.0,0.0,0.0,0.0,1.0,0.0,0.0,0.0,1.0,1.2
CAR0297,1.02840380715595,-0.006697797411111629,0.1907830728872918,0.8294018871110039,-0.755751510402082,0.0,0.7501513129627229,0.0,0.0,0.0,0.0,1.0,0.0,0.0,0.0,0.0,0.0,0.0,1.0,0.0,0.0,0.0,0.0,1.0,0.0,0.0,0.0,0.0,1.0,0.0,0.0,0.0,0.0,0.0,1.0,0.0,0.0,8.42
CAR0309,-1.0923092221000483,1.6299727121770682,0.5554633010834336,0.049884715662025854,-0.755751510402082,0.0,0.8304350655206063,0.0,0.0,0.0,0.0,0.0,0.0,0.0,1.0,0.0,0.0,0.0,0.0,0.0,0.0,1.0,0.0,1.0,0.0,0.0,0.0,0.0,0.0,0.0,1.0,0.0,0.0,0.0,0.0,0.0,1.0,1.82
CAR0291,-0.4863912137411916,0.5136948567159813,-1.2790561395374016,-0.5976174509447861,0.484456096411591,0.0,1.39242133342579,0.0,0.0,0.0,0.0,0.0,1.0,0.0,0.0,0.0,0.0,0.0,0.0,0.0,0.0,1.0,0.0,1.0,0.0,0.0,0.0,0.0,0.0,0.0,0.0,0.0,1.0,0.0,0.0,1.0,0.0,3.36
CAR0176,1.02840380715595,-0.24142846178899052,-0.36513190911902194,0.04359828686001833,-0.755751510402082,0.0,0.10788129249965579,0.0,0.0,0.0,0.0,0.0,0.0,0.0,1.0,0.0,0.0,0.0,0.0,0.0,0.0,1.0,1.0,0.0,0.0,0.0,1.0,0.0,0.0,0.0,0.0,0.0,0.0,0.0,1.0,0.0,0.0,7.04
CAR0200,0.7254448029765217,-0.1919951165756359,-1.1834387626323157,0.7979697431009645,-0.755751510402082,0.0,0.5093000552890727,0.0,0.0,0.0,0.0,0.0,1.0,0.0,0.0,0.0,0.0,0.0,0.0,0.0,0.0,1.0,0.0,1.0,0.0,0.0,0.0,0.0,0.0,0.0,1.0,0.0,0.0,0.0,0.0,0.0,1.0,5.43
CAR0155,0.4224857987970934,0.05997645150730093,-1.6303944081653918,-1.3645617647897479,-0.755751510402082,0.0,0.991002570636373,0.0,0.0,0.0,0.0,0.0,0.0,1.0,0.0,0.0,0.0,0.0,0.0,0.0,0.0,1.0,0.0,1.0,0.0,1.0,0.0,0.0,0.0,0.0,0.0,0.0,0.0,0.0,0.0,0.0,1.0,4.74
CAR0303,0.7254448029765217,0.17297503021684454,-0.4140524275355775,-1.2136874735415586,-0.755751510402082,0.0,1.3121375808679065,0.0,0.0,0.0,0.0,0.0,0.0,0.0,0.0,1.0,0.0,0.0,0.0,0.0,0.0,1.0,0.0,1.0,0.0,0.0,0.0,0.0,0.0,0.0,0.0,1.0,0.0,0.0,0.0,1.0,0.0,6.14
CAR0003,0.4224857987970934,-0.8387551157278337,0.25082189094397367,1.1248640408053747,0.484456096411591,0.0,1.0712863231942564,0.0,0.0,0.0,0.0,0.0,0.0,0.0,0.0,0.0,0.0,1.0,0.0,1.0,0.0,0.0,1.0,0.0,0.0,0.0,0.0,0.0,1.0,0.0,0.0,0.0,0.0,0.0,0.0,0.0,1.0,7.3
CAR0116,-0.18343220956176326,-0.4503825619389795,-0.5163407842247393,0.279339366935314,2.3447675066321003,0.0,0.18816504505753917,0.0,0.0,0.0,0.0,0.0,0.0,0.0,0.0,0.0,1.0,0.0,0.0,0.0,0.0,1.0,0.0,1.0,0.0,1.0,0.0,0.0,0.0,0.0,0.0,0.0,0.0,0.0,0.0,0.0,1.0,2.74
CAR0164,-0.18343220956176326,0.07964803999700637,-0.409605107679527,0.2133318645142314,0.484456096411591,0.0,0.18816504505753917,0.0,0.0,0.0,0.0,0.0,1.0,0.0,0.0,0.0,0.0,0.0,0.0,0.0,0.0,1.0,0.0,1.0,0.0,0.0,1.0,0.0,0.0,0.0,0.0,0.0,0.0,0.0,0.0,0.0,1.0,4.62
CAR0224,-1.698227230458905,1.807525756562599,0.27972947000830195,1.1154343976023626,-0.755751510402082,0.0,1.7135563436573236,0.0,0.0,0.0,1.0,0.0,0.0,0.0,0.0,0.0,0.0,0.0,0.0,0.0,0.0,1.0,0.0,1.0,0.0,0.0,0.0,0.0,0.0,0.0,1.0,0.0,0.0,0.0,1.0,0.0,0.0,1.4
CAR0121,-0.7893502179206199,0.3053060320973056,-0.0004516809228801299,-0.7704942430000029,1.7246637032252639,0.0,1.39242133342579,0.0,0.0,0.0,1.0,0.0,0.0,0.0,0.0,0.0,0.0,0.0,0.0,0.0,0.0,1.0,1.0,0.0,1.0,0.0,0.0,0.0,0.0,0.0,0.0,0.0,0.0,0.0,0.0,1.0,0.0,2.09
CAR0240,0.4224857987970934,-0.23037732515181406,0.4576222642503224,1.6214919161639971,-0.755751510402082,0.0,-1.4175100061001285,0.0,0.0,1.0,0.0,0.0,0.0,0.0,0.0,0.0,0.0,0.0,1.0,0.0,0.0,0.0,1.0,0.0,1.0,0.0,0.0,0.0,0.0,0.0,0.0,0.0,0.0,0.0,0.0,1.0,0.0,5.84
CAR0278,1.3313628113353784,-0.8778439187181536,0.7600400144617571,-0.03183885876407647,-0.755751510402082,0.0,-1.2569425009843618,0.0,0.0,0.0,0.0,0.0,0.0,0.0,0.0,0.0,1.0,0.0,0.0,0.0,0.0,1.0,1.0,0.0,0.0,0.0,0.0,0.0,0.0,0.0,0.0,0.0,1.0,0.0,0.0,0.0,1.0,8.59
CAR0128,-0.7893502179206199,0.5242372453749756,-0.4896568650884362,-0.25815029563636,-0.755751510402082,0.0,0.26844879761542256,0.0,1.0,0.0,0.0,0.0,0.0,0.0,0.0,0.0,0.0,0.0,0.0,0.0,0.0,1.0,0.0,1.0,0.0,0.0,0.0,0.0,0.0,0.0,0.0,1.0,0.0,0.0,1.0,0.0,0.0,2.26
CAR0075,-1.698227230458905,1.6910507333354783,2.120919890413213,2.1746976507406917,-0.755751510402082,0.0,0.42901630273118935,0.0,0.0,0.0,0.0,0.0,0.0,0.0,0.0,0.0,0.0,1.0,0.0,1.0,0.0,0.0,0.0,1.0,0.0,0.0,0.0,0.0,0.0,1.0,0.0,0.0,0.0,0.0,0.0,0.0,1.0,1.2
CAR0030,-1.0923092221000483,0.8426569521637997,-0.6564313596903303,0.8765501031260631,-0.755751510402082,0.0,1.3121375808679065,0.0,0.0,0.0,1.0,0.0,0.0,0.0,0.0,0.0,0.0,0.0,0.0,0.0,0.0,1.0,0.0,1.0,1.0,0.0,0.0,0.0,0.0,0.0,0.0,0.0,0.0,0.0,0.0,0.0,1.0,2.73
CAR0084,-1.3952682262794767,1.4573093011373979,1.431585312725384,0.5402261622186416,-0.755751510402082,0.0,-0.4541049754055279,0.0,0.0,0.0,0.0,0.0,1.0,0.0,0.0,0.0,0.0,0.0,0.0,0.0,0.0,1.0,1.0,0.0,0.0,0.0,0.0,0.0,0.0,1.0,0.0,0.0,0.0,0.0,0.0,0.0,1.0,1.62
CAR0266,1.3313628113353784,-1.3118624716605627,-0.9410598304775629,-1.2262603311455746,-0.755751510402082,0.0,-0.7752399856370614,0.0,0.0,0.0,0.0,0.0,0.0,0.0,0.0,1.0,0.0,0.0,0.0,0.0,0.0,1.0,1.0,0.0,0.0,0.0,0.0,0.0,1.0,0.0,0.0,0.0,0.0,0.0,0.0,1.0,0.0,7.57
CAR0108,-0.7893502179206199,0.3030449299720521,-1.0967160254393307,-0.9213685342481921,1.7246637032252639,0.0,-1.497793758658012,0.0,0.0,0.0,0.0,0.0,0.0,0.0,1.0,0.0,0.0,0.0,0.0,0.0,0.0,1.0,0.0,1.0,0.0,0.0,0.0,0.0,0.0,0.0,0.0,1.0,0.0,0.0,0.0,0.0,1.0,1.2
CAR0174,0.7254448029765217,-1.1582205822495875,-1.6303944081653918,-1.3048406911706731,-0.755751510402082,0.0,0.5093000552890727,0.0,0.0,0.0,0.0,0.0,0.0,0.0,0.0,0.0,1.0,0.0,0.0,0.0,0.0,1.0,1.0,0.0,0.0,0.0,1.0,0.0,0.0,0.0,0.0,0.0,0.0,0.0,0.0,0.0,1.0,6.5
CAR0180,-0.4863912137411916,-0.27396006861607525,-1.6059341489571142,-2.1440789362387256,-0.755751510402082,0.0,1.1515700757521399,0.0,1.0,0.0,0.0,0.0,0.0,0.0,0.0,0.0,0.0,0.0,0.0,0.0,0.0,1.0,0.0,1.0,0.0,0.0,0.0,0.0,0.0,0.0,0.0,1.0,0.0,0.0,0.0,1.0,0.0,1.2
CAR0134,-0.4863912137411916,-0.01407464309475117,2.0897886514208595,1.011708322369233,0.484456096411591,0.0,-0.4541049754055279,0.0,0.0,1.0,0.0,0.0,0.0,0.0,0.0,0.0,0.0,0.0,0.0,1.0,0.0,0.0,0.0,1.0,1.0,0.0,0.0,0.0,0.0,0.0,0.0,0.0,0.0,0.0,0.0,0.0,1.0,3.4
CAR0254,0.11952679461766508,-0.1202051240988373,-1.6303944081653918,-0.09470314678415533,0.484456096411591,0.0,0.991002570636373,0.0,0.0,0.0,0.0,0.0,0.0,1.0,0.0,0.0,0.0,0.0,0.0,0.0,0.0,1.0,0.0,1.0,0.0,0.0,1.0,0.0,0.0,0.0,0.0,0.0,0.0,0.0,0.0,0.0,1.0,5.25
CAR0246,-0.18343220956176326,0.34549712237368657,-1.6303944081653918,0.04674150126102209,0.484456096411591,0.0,-1.5780775112158953,0.0,0.0,1.0,0.0,0.0,0.0,0.0,0.0,0.0,0.0,0.0,0.0,1.0,0.0,0.0,0.0,1.0,0.0,0.0,0.0,0.0,0.0,1.0,0.0,0.0,0.0,0.0,0.0,1.0,0.0,3.26
CAR0296,-0.4863912137411916,0.6546745742255369,1.467163871573788,1.366891549682678,-0.755751510402082,0.0,-1.2569425009843618,0.0,1.0,0.0,0.0,0.0,0.0,0.0,0.0,0.0,0.0,0.0,1.0,0.0,0.0,0.0,1.0,0.0,0.0,0.0,0.0,1.0,0.0,0.0,0.0,0.0,0.0,0.0,0.0,0.0,1.0,3.25
CAR0066,0.4224857987970934,-0.6976340793354496,-1.43915965435522,-0.6384792381578368,1.7246637032252639,0.0,-0.9358074907528282,0.0,0.0,0.0,0.0,0.0,0.0,0.0,0.0,0.0,0.0,1.0,0.0,1.0,0.0,0.0,0.0,1.0,0.0,1.0,0.0,0.0,0.0,0.0,0.0,0.0,0.0,0.0,0.0,0.0,1.0,5.66
CAR0226,-0.18343220956176326,-0.09793326816509032,0.12852059490258466,0.3704925845644285,0.484456096411591,0.0,1.5529888385415567,0.0,0.0,0.0,0.0,0.0,0.0,0.0,0.0,0.0,1.0,0.0,0.0,0.0,0.0,1.0,1.0,0.0,0.0,1.0,0.0,0.0,0.0,0.0,0.0,0.0,0.0,0.0,1.0,0.0,0.0,4.63
CAR0086,1.3313628113353784,-0.08125763999134576,-0.6453130600502041,-0.19842922201728488,-0.755751510402082,0.0,-1.0160912433107117,0.0,0.0,0.0,0.0,1.0,0.0,0.0,0.0,0.0,0.0,0.0,0.0,1.0,0.0,0.0,0.0,1.0,0.0,0.0,0.0,0.0,0.0,0.0,0.0,0.0,0.0,1.0,1.0,0.0,0.0,7.63
CAR0243,0.4224857987970934,-0.9260053939860531,-0.16722617552477423,-0.4813185181076397,2.3447675066321003,0.0,1.1515700757521399,0.0,0.0,1.0,0.0,0.0,0.0,0.0,0.0,0.0,0.0,0.0,0.0,0.0,0.0,1.0,0.0,1.0,0.0,0.0,1.0,0.0,0.0,0.0,0.0,0.0,0.0,0.0,0.0,0.0,1.0,4.58
CAR0160,-0.7893502179206199,0.6744026902683736,1.4427036123655101,0.9739897495571851,-0.755751510402082,0.0,0.8304350655206063,0.0,1.0,0.0,0.0,0.0,0.0,0.0,0.0,0.0,0.0,0.0,0.0,0.0,0.0,1.0,0.0,1.0,0.0,0.0,0.0,1.0,0.0,0.0,0.0,0.0,0.0,0.0,0.0,1.0,0.0,3.94
CAR0013,-0.18343220956176326,-0.08380137988225596,1.0980363235215957,0.4365000869855111,-0.755751510402082,0.0,1.39242133342579,0.0,0.0,0.0,0.0,0.0,1.0,0.0,0.0,0.0,0.0,0.0,0.0,0.0,0.0,1.0,1.0,0.0,0.0,0.0,0.0,0.0,0.0,0.0,0.0,1.0,0.0,0.0,0.0,0.0,1.0,4.92
CAR0036,-1.0923092221000483,0.6208993612295628,-0.5163407842247393,-0.7893535294060264,-0.755751510402082,0.0,-0.21325371773187773,0.0,0.0,0.0,0.0,0.0,0.0,0.0,1.0,0.0,0.0,0.0,1.0,0.0,0.0,0.0,0.0,1.0,1.0,0.0,0.0,0.0,0.0,0.0,0.0,0.0,0.0,0.0,0.0,0.0,1.0,1.81
CAR0029,1.02840380715595,-0.13950928349318903,-0.18056813509292577,-1.5940164160630355,0.484456096411591,0.0,-1.5780775112158953,0.0,0.0,0.0,0.0,0.0,0.0,0.0,1.0,0.0,0.0,0.0,0.0,1.0,0.0,0.0,1.0,0.0,0.0,0.0,0.0,0.0,1.0,0.0,0.0,0.0,0.0,0.0,0.0,0.0,1.0,7.35
CAR0171,1.02840380715595,-0.9561063160284903,-0.7298121373151637,-0.9056524622431724,0.484456096411591,0.0,1.39242133342579,0.0,0.0,0.0,0.0,0.0,0.0,1.0,0.0,0.0,0.0,0.0,0.0,0.0,0.0,1.0,0.0,1.0,0.0,1.0,0.0,0.0,0.0,0.0,0.0,0.0,0.0,0.0,0.0,0.0,1.0,8.44
CAR0143,0.4224857987970934,-1.0312879616931692,-1.072255766231053,-0.8490746030251015,-0.755751510402082,0.0,-0.5343887279634113,0.0,1.0,0.0,0.0,0.0,0.0,0.0,0.0,0.0,0.0,0.0,0.0,0.0,0.0,1.0,0.0,1.0,0.0,0.0,0.0,1.0,0.0,0.0,0.0,0.0,0.0,0.0,0.0,1.0,0.0,5.05
CAR0267,-0.18343220956176326,1.1701493312302034,-0.24727793293368341,-0.3870220860775214,-0.755751510402082,0.0,-1.0160912433107117,0.0,0.0,0.0,0.0,0.0,0.0,0.0,1.0,0.0,0.0,0.0,0.0,0.0,0.0,1.0,0.0,1.0,0.0,0.0,0.0,0.0,0.0,1.0,0.0,0.0,0.0,0.0,1.0,0.0,0.0,3.99
CAR0132,-0.4863912137411916,0.5201672615495193,-0.28508015171011275,-0.019266001160060525,-0.755751510402082,0.0,1.4727050859836732,0.0,0.0,0.0,0.0,0.0,0.0,1.0,0.0,0.0,0.0,0.0,0.0,0.0,0.0,1.0,1.0,0.0,0.0,0.0,0.0,0.0,0.0,1.0,0.0,0.0,0.0,0.0,0.0,0.0,1.0,4.05
CAR0210,-1.698227230458905,1.046721418967928,0.5932655198598629,-0.15128100600222574,0.484456096411591,0.0,-0.9358074907528282,0.0,0.0,0.0,0.0,0.0,0.0,0.0,1.0,0.0,0.0,0.0,0.0,0.0,0.0,1.0,0.0,1.0,0.0,0.0,0.0,0.0,0.0,0.0,0.0,1.0,0.0,0.0,0.0,0.0,1.0,1.2
CAR0052,-1.0923092221000483,0.32229256181327254,-0.409605107679527,-1.13510711351646,-0.755751510402082,0.0,0.6698675604048395,0.0,0.0,0.0,0.0,0.0,0.0,0.0,1.0,0.0,0.0,0.0,0.0,0.0,1.0,0.0,0.0,1.0,0.0,0.0,0.0,0.0,0.0,0.0,1.0,0.0,0.0,0.0,0.0,1.0,0.0,3.4
CAR0096,1.02840380715595,0.17435995526856232,-0.5897215618495727,-0.3964517292805336,-0.755751510402082,0.0,1.39242133342579,0.0,0.0,0.0,1.0,0.0,0.0,0.0,0.0,0.0,0.0,0.0,0.0,0.0,0.0,1.0,1.0,0.0,0.0,0.0,0.0,1.0,0.0,0.0,0.0,0.0,0.0,0.0,0.0,1.0,0.0,6.49
CAR0239,0.4224857987970934,-0.043808136041834686,-0.10274003761204185,0.537082947817637,0.484456096411591,0.0,0.34873255017330596,0.0,1.0,0.0,0.0,0.0,0.0,0.0,0.0,0.0,0.0,0.0,0.0,0.0,0.0,1.0,0.0,1.0,0.0,0.0,0.0,1.0,0.0,0.0,0.0,0.0,0.0,0.0,0.0,1.0,0.0,7.11
CAR0179,1.02840380715595,-1.0724400203727829,-0.4362890268158301,0.10017614607808965,0.484456096411591,0.0,-0.6146724805212946,0.0,0.0,0.0,0.0,1.0,0.0,0.0,0.0,0.0,0.0,0.0,1.0,0.0,0.0,0.0,0.0,1.0,0.0,0.0,0.0,1.0,0.0,0.0,0.0,0.0,0.0,0.0,0.0,1.0,0.0,7.27
CAR0251,0.11952679461766508,-0.3042871008710378,-0.04270121955535997,0.6659547382587993,-0.755751510402082,0.0,0.18816504505753917,0.0,0.0,0.0,0.0,1.0,0.0,0.0,0.0,0.0,0.0,0.0,0.0,1.0,0.0,0.0,0.0,1.0,0.0,0.0,1.0,0.0,0.0,0.0,0.0,0.0,0.0,0.0,1.0,0.0,0.0,5.96
CAR0042,-1.0923092221000483,0.7252774880865774,-1.081150405943154,-0.45931601730061244,1.7246637032252639,0.0,1.6332725910994401,0.0,0.0,0.0,0.0,0.0,0.0,0.0,0.0,1.0,0.0,0.0,0.0,0.0,0.0,1.0,0.0,1.0,0.0,0.0,0.0,0.0,0.0,0.0,1.0,0.0,0.0,0.0,0.0,0.0,1.0,1.25
CAR0090,-1.698227230458905,1.397050929499392,-0.16722617552477423,1.2757383320535634,-0.755751510402082,0.0,-0.2935374702897611,0.0,0.0,0.0,0.0,0.0,0.0,0.0,1.0,0.0,0.0,0.0,0.0,0.0,0.0,1.0,1.0,0.0,0.0,0.0,0.0,1.0,0.0,0.0,0.0,0.0,0.0,0.0,0.0,0.0,1.0,1.2
CAR0247,-1.3952682262794767,1.5247184082465177,-0.16722617552477423,1.209730829632481,-0.755751510402082,0.0,0.027597539941772414,0.0,0.0,0.0,1.0,0.0,0.0,0.0,0.0,0.0,0.0,0.0,0.0,0.0,0.0,1.0,1.0,0.0,0.0,0.0,0.0,1.0,0.0,0.0,0.0,0.0,0.0,0.0,0.0,0.0,1.0,1.84
CAR0137,1.3313628113353784,-1.7558298739540874,0.09294203605418057,0.37992222776743984,-0.755751510402082,0.0,0.7501513129627229,0.0,0.0,0.0,0.0,0.0,1.0,0.0,0.0,0.0,0.0,0.0,0.0,0.0,0.0,1.0,0.0,1.0,0.0,0.0,0.0,0.0,0.0,1.0,0.0,0.0,0.0,0.0,0.0,0.0,1.0,7.77
CAR0027,0.7254448029765217,-0.8188291532490373,0.31086070900065554,1.2694519032515559,1.7246637032252639,0.0,0.5895838078469561,0.0,0.0,0.0,0.0,0.0,0.0,0.0,0.0,0.0,1.0,0.0,0.0,1.0,0.0,0.0,0.0,1.0,1.0,0.0,0.0,0.0,0.0,0.0,0.0,0.0,0.0,0.0,0.0,1.0,0.0,8.19
CAR0314,-1.698227230458905,0.8191414900611633,-0.9299415308374367,-0.6447656669598453,0.484456096411591,0.0,-1.1766587484264783,0.0,0.0,0.0,0.0,0.0,0.0,0.0,0.0,1.0,0.0,0.0,0.0,0.0,0.0,1.0,0.0,1.0,1.0,0.0,0.0,0.0,0.0,0.0,0.0,0.0,0.0,0.0,0.0,0.0,1.0,1.2
CAR0142,1.3313628113353784,-1.090670156257639,-0.9877566889660933,0.1536107908951563,-0.755751510402082,0.0,-0.6146724805212946,0.0,0.0,0.0,0.0,0.0,0.0,1.0,0.0,0.0,0.0,0.0,0.0,0.0,0.0,1.0,0.0,1.0,0.0,1.0,0.0,0.0,0.0,0.0,0.0,0.0,0.0,0.0,0.0,0.0,1.0,7.84
CAR0228,1.02840380715595,-1.365761493571293,1.0379975054649138,-0.9465142494562235,-0.755751510402082,0.0,0.10788129249965579,0.0,0.0,1.0,0.0,0.0,0.0,0.0,0.0,0.0,0.0,0.0,0.0,1.0,0.0,0.0,0.0,1.0,0.0,0.0,0.0,0.0,0.0,0.0,0.0,0.0,1.0,0.0,0.0,0.0,1.0,28.5
CAR0001,0.4224857987970934,-0.10214457087337496,-0.40293412789545124,-0.6699113821678763,-0.755751510402082,0.0,-0.3738212228476445,0.0,0.0,0.0,0.0,0.0,0.0,0.0,1.0,0.0,0.0,0.0,0.0,1.0,0.0,0.0,0.0,1.0,0.0,0.0,0.0,0.0,0.0,0.0,0.0,1.0,0.0,0.0,0.0,0.0,1.0,6.38
CAR0288,0.7254448029765217,-0.3406625813110535,0.175217453391115,0.7791104566949411,1.7246637032252639,0.0,1.0712863231942564,0.0,0.0,0.0,0.0,1.0,0.0,0.0,0.0,0.0,0.0,0.0,0.0,0.0,0.0,1.0,0.0,1.0,0.0,0.0,0.0,0.0,0.0,0.0,0.0,0.0,0.0,1.0,0.0,1.0,0.0,5.95
CAR0275,-0.4863912137411916,0.2676586817118348,-0.8587844131406285,-0.10413278998716662,0.484456096411591,0.0,-1.6583612637737786,0.0,0.0,0.0,0.0,0.0,0.0,1.0,0.0,0.0,0.0,0.0,0.0,0.0,0.0,1.0,0.0,1.0,0.0,0.0,0.0,0.0,1.0,0.0,0.0,0.0,0.0,0.0,0.0,0.0,1.0,1.43
CAR0292,0.7254448029765217,-0.19230601811785825,1.0869180238814695,1.5429115561388986,0.484456096411591,0.0,-1.5780775112158953,0.0,0.0,0.0,1.0,0.0,0.0,0.0,0.0,0.0,0.0,0.0,0.0,0.0,0.0,1.0,0.0,1.0,0.0,0.0,0.0,0.0,0.0,1.0,0.0,0.0,0.0,0.0,0.0,0.0,1.0,6.99
CAR0101,1.02840380715595,-1.0253525686143787,-0.12275297696426915,0.926841533542126,1.7246637032252639,0.0,-0.21325371773187773,0.0,0.0,0.0,0.0,1.0,0.0,0.0,0.0,0.0,0.0,0.0,0.0,0.0,0.0,1.0,0.0,1.0,0.0,0.0,0.0,1.0,0.0,0.0,0.0,0.0,0.0,0.0,0.0,0.0,1.0,6.26
CAR0193,0.7254448029765217,-0.7043608581580788,0.32642632849683234,-1.3771346223937637,0.484456096411591,0.0,1.1515700757521399,0.0,0.0,0.0,0.0,0.0,0.0,0.0,1.0,0.0,0.0,0.0,0.0,1.0,0.0,0.0,1.0,0.0,0.0,0.0,0.0,1.0,0.0,0.0,0.0,0.0,0.0,0.0,0.0,1.0,0.0,5.82
CAR0276,0.11952679461766508,-0.5749692890404473,-0.767614356091593,-0.1889995788142736,-0.755751510402082,0.0,-0.21325371773187773,0.0,0.0,0.0,0.0,1.0,0.0,0.0,0.0,0.0,0.0,0.0,0.0,1.0,0.0,0.0,0.0,1.0,0.0,0.0,0.0,0.0,0.0,1.0,0.0,0.0,0.0,0.0,0.0,0.0,1.0,3.96
CAR0104,-0.4863912137411916,0.6193165897418853,-1.6303944081653918,-1.782609280123272,-0.755751510402082,0.0,-1.497793758658012,0.0,0.0,0.0,0.0,0.0,0.0,0.0,0.0,1.0,0.0,0.0,0.0,0.0,1.0,0.0,1.0,0.0,0.0,0.0,0.0,0.0,0.0,0.0,0.0,0.0,0.0,1.0,0.0,0.0,1.0,3.36
CAR0172,-0.18343220956176326,0.2730287992593119,-0.3895921683272997,-0.764207814197995,2.3447675066321003,0.0,-0.9358074907528282,0.0,0.0,1.0,0.0,0.0,0.0,0.0,0.0,0.0,0.0,0.0,0.0,0.0,0.0,1.0,0.0,1.0,0.0,0.0,0.0,1.0,0.0,0.0,0.0,0.0,0.0,0.0,0.0,0.0,1.0,3.07
CAR0099,-1.3952682262794767,1.1458990109368596,1.5071897502782425,0.17561329170218357,-0.755751510402082,0.0,1.6332725910994401,0.0,0.0,0.0,0.0,0.0,0.0,0.0,1.0,0.0,0.0,0.0,0.0,1.0,0.0,0.0,0.0,1.0,0.0,0.0,0.0,0.0,0.0,1.0,0.0,0.0,0.0,0.0,0.0,1.0,0.0,1.73
CAR0037,0.7254448029765217,-0.7699328197904303,-0.5563666629291938,-0.14185136279921445,-0.755751510402082,0.0,0.7501513129627229,0.0,0.0,0.0,0.0,0.0,0.0,0.0,0.0,1.0,0.0,0.0,1.0,0.0,0.0,0.0,0.0,1.0,0.0,0.0,0.0,1.0,0.0,0.0,0.0,0.0,0.0,0.0,0.0,1.0,0.0,6.78
CAR0250,-0.7893502179206199,-0.2235657549994879,-1.0611374665909268,-1.5594410576519924,0.484456096411591,0.0,-0.13296996517399434,0.0,0.0,0.0,0.0,0.0,0.0,0.0,0.0,0.0,1.0,0.0,0.0,0.0,0.0,1.0,0.0,1.0,1.0,0.0,0.0,0.0,0.0,0.0,0.0,0.0,0.0,0.0,0.0,0.0,1.0,2.19
CAR0062,0.11952679461766508,0.19937339752917915,-0.8031929149399971,-1.037667467085338,1.7246637032252639,0.0,-0.5343887279634113,0.0,1.0,0.0,0.0,0.0,0.0,0.0,0.0,0.0,0.0,0.0,0.0,1.0,0.0,0.0,1.0,0.0,0.0,0.0,0.0,0.0,0.0,0.0,0.0,0.0,0.0,1.0,0.0,0.0,1.0,4.35
CAR0151,-1.0923092221000483,0.6090851026251132,1.0468921451770148,0.08446007407306994,0.484456096411591,0.0,-1.1766587484264783,0.0,0.0,0.0,0.0,0.0,0.0,0.0,0.0,0.0,1.0,0.0,0.0,0.0,0.0,1.0,0.0,1.0,0.0,0.0,0.0,0.0,0.0,0.0,0.0,0.0,1.0,0.0,0.0,1.0,0.0,2.57
CAR0048,-0.4863912137411916,0.4116343595373514,-1.43915965435522,-0.13242171959620228,-0.755751510402082,0.0,-0.13296996517399434,0.0,1.0,0.0,0.0,0.0,0.0,0.0,0.0,0.0,0.0,0.0,0.0,0.0,0.0,1.0,0.0,1.0,0.0,0.0,0.0,0.0,1.0,0.0,0.0,0.0,0.0,0.0,1.0,0.0,0.0,3.79
CAR0230,0.4224857987970934,-0.33435975913690935,1.5561102686947983,0.5653718774266726,-0.755751510402082,0.0,-1.738645016331662,0.0,0.0,0.0,0.0,0.0,0.0,0.0,1.0,0.0,0.0,0.0,0.0,0.0,0.0,1.0,0.0,1.0,0.0,1.0,0.0,0.0,0.0,0.0,0.0,0.0,0.0,0.0,0.0,0.0,1.0,4.73
CAR0280,-0.4863912137411916,-0.8314630613738911,-0.22948865350948136,-0.37130601407250174,-0.755751510402082,0.0,0.5895838078469561,0.0,0.0,1.0,0.0,0.0,0.0,0.0,0.0,0.0,0.0,0.0,0.0,0.0,0.0,1.0,0.0,1.0,1.0,0.0,0.0,0.0,0.0,0.0,0.0,0.0,0.0,0.0,0.0,1.0,0.0,2.94
CAR0012,0.7254448029765217,-0.31036381283265657,0.8045132130222621,-0.5190370909196875,-0.755751510402082,0.0,-1.4175100061001285,0.0,0.0,0.0,0.0,1.0,0.0,0.0,0.0,0.0,0.0,0.0,0.0,0.0,0.0,1.0,1.0,0.0,0.0,0.0,1.0,0.0,0.0,0.0,0.0,0.0,0.0,0.0,0.0,0.0,1.0,6.53
CAR0317,0.11952679461766508,-0.3620582601712647,-0.0560431791235115,-0.4561728028996087,-0.755751510402082,0.0,1.4727050859836732,0.0,0.0,0.0,0.0,0.0,0.0,0.0,0.0,0.0,0.0,1.0,0.0,0.0,0.0,1.0,1.0,0.0,0.0,0.0,0.0,1.0,0.0,0.0,0.0,0.0,0.0,0.0,0.0,0.0,1.0,5.93
CAR0201,1.6343218155148067,-0.9961278236454773,0.09961301583825634,1.0337108231762602,1.7246637032252639,0.0,-1.2569425009843618,0.0,0.0,0.0,0.0,1.0,0.0,0.0,0.0,0.0,0.0,0.0,0.0,1.0,0.0,0.0,0.0,1.0,0.0,1.0,0.0,0.0,0.0,0.0,0.0,0.0,0.0,0.0,0.0,1.0,0.0,7.99
CAR0287,-1.698227230458905,1.70950697943286,2.7991361684609157,-0.8553610318271091,-0.755751510402082,0.0,-1.0160912433107117,0.0,0.0,0.0,0.0,0.0,0.0,0.0,0.0,0.0,0.0,1.0,0.0,0.0,1.0,0.0,0.0,1.0,0.0,0.0,0.0,0.0,0.0,0.0,1.0,0.0,0.0,0.0,0.0,1.0,0.0,1.2
CAR0028,1.3313628113353784,-1.7367518247722609,-0.7298121373151637,0.16304043409816849,-0.755751510402082,0.0,1.0712863231942564,0.0,0.0,0.0,0.0,0.0,0.0,0.0,1.0,0.0,0.0,0.0,1.0,0.0,0.0,0.0,0.0,1.0,0.0,0.0,0.0,0.0,0.0,0.0,1.0,0.0,0.0,0.0,0.0,0.0,1.0,9.16
CAR0249,-0.4863912137411916,1.1474535186479713,0.2041250324554433,0.13160829008812908,-0.755751510402082,0.0,0.6698675604048395,0.0,0.0,0.0,0.0,0.0,0.0,0.0,0.0,0.0,1.0,0.0,0.0,0.0,0.0,1.0,0.0,1.0,0.0,1.0,0.0,0.0,0.0,0.0,0.0,0.0,0.0,0.0,0.0,0.0,1.0,4.17
CAR0005,-1.0923092221000483,0.7887296664765038,0.7200141357573024,1.756650135407167,0.484456096411591,0.0,0.5895838078469561,0.0,0.0,0.0,0.0,0.0,0.0,0.0,0.0,1.0,0.0,0.0,0.0,0.0,0.0,1.0,1.0,0.0,1.0,0.0,0.0,0.0,0.0,0.0,0.0,0.0,0.0,0.0,0.0,1.0,0.0,1.93
CAR0123,-0.18343220956176326,0.060513463262048636,0.015113938573296654,-0.6133335229498058,-0.755751510402082,0.0,-0.6146724805212946,0.0,0.0,0.0,0.0,0.0,0.0,1.0,0.0,0.0,0.0,0.0,0.0,0.0,0.0,1.0,0.0,1.0,0.0,0.0,0.0,0.0,0.0,0.0,0.0,1.0,0.0,0.0,1.0,0.0,0.0,4.25
CAR0033,0.11952679461766508,-0.5495884176844767,0.7555926946057065,0.41135437177747924,-0.755751510402082,0.0,-1.0160912433107117,0.0,0.0,0.0,0.0,0.0,0.0,0.0,0.0,0.0,0.0,1.0,0.0,0.0,0.0,1.0,0.0,1.0,1.0,0.0,0.0,0.0,0.0,0.0,0.0,0.0,0.0,0.0,1.0,0.0,0.0,4.94
CAR0232,0.7254448029765217,0.26211898150496377,-0.20058107444515305,-1.5500114144489805,2.3447675066321003,0.0,-0.9358074907528282,0.0,0.0,0.0,0.0,0.0,0.0,0.0,0.0,1.0,0.0,0.0,0.0,0.0,0.0,1.0,0.0,1.0,0.0,1.0,0.0,0.0,0.0,0.0,0.0,0.0,0.0,0.0,1.0,0.0,0.0,5.15
CAR0163,-1.0923092221000483,0.8647026978850213,-0.22059401379738036,1.4674744105148045,-0.755751510402082,0.0,-0.3738212228476445,0.0,0.0,0.0,0.0,1.0,0.0,0.0,0.0,0.0,0.0,0.0,0.0,0.0,1.0,0.0,0.0,1.0,0.0,0.0,0.0,0.0,0.0,0.0,0.0,1.0,0.0,0.0,0.0,0.0,1.0,3.72
CAR0238,1.6343218155148067,-1.2605071896407427,-0.3562372694069209,0.6408090230507674,0.484456096411591,0.0,0.10788129249965579,0.0,0.0,0.0,0.0,0.0,0.0,0.0,0.0,1.0,0.0,0.0,0.0,0.0,0.0,1.0,1.0,0.0,0.0,1.0,0.0,0.0,0.0,0.0,0.0,0.0,0.0,0.0,0.0,1.0,0.0,8.96
CAR0284,1.6343218155148067,-1.747407268537518,1.0335501856088634,0.571658306228681,-0.755751510402082,0.0,-0.21325371773187773,0.0,0.0,0.0,0.0,0.0,0.0,1.0,0.0,0.0,0.0,0.0,0.0,0.0,0.0,1.0,0.0,1.0,0.0,1.0,0.0,0.0,0.0,0.0,0.0,0.0,0.0,0.0,0.0,0.0,1.0,9.36
CAR0139,-0.4863912137411916,0.9218803178773691,0.1640991537509887,-0.11984886199218632,0.484456096411591,0.0,-1.6583612637737786,0.0,0.0,0.0,0.0,0.0,0.0,1.0,0.0,0.0,0.0,0.0,1.0,0.0,0.0,0.0,0.0,1.0,0.0,1.0,0.0,0.0,0.0,0.0,0.0,0.0,0.0,0.0,1.0,0.0,0.0,2.37
CAR0063,-0.4863912137411916,0.05316488135497476,0.12184961511850888,0.10331936047909342,-0.755751510402082,0.0,0.6698675604048395,0.0,0.0,0.0,0.0,0.0,0.0,0.0,1.0,0.0,0.0,0.0,0.0,0.0,0.0,1.0,0.0,1.0,0.0,0.0,0.0,0.0,0.0,0.0,0.0,0.0,0.0,1.0,0.0,1.0,0.0,2.03
CAR0216,1.3313628113353784,-0.4344135281793767,-0.8476661135005022,1.058856538384292,0.484456096411591,0.0,-0.8555237381949448,0.0,0.0,0.0,0.0,0.0,0.0,1.0,0.0,0.0,0.0,0.0,0.0,1.0,0.0,0.0,0.0,1.0,0.0,1.0,0.0,0.0,0.0,0.0,0.0,0.0,0.0,0.0,0.0,0.0,1.0,7.92
CAR0136,0.7254448029765217,0.5419303695050843,-0.9632964297578155,-0.3273010124584472,-0.755751510402082,0.0,-0.2935374702897611,0.0,0.0,0.0,0.0,0.0,0.0,1.0,0.0,0.0,0.0,0.0,0.0,0.0,0.0,1.0,0.0,1.0,0.0,0.0,0.0,1.0,0.0,0.0,0.0,0.0,0.0,0.0,0.0,0.0,1.0,6.08
CAR0299,-0.7893502179206199,1.5995043610392772,2.7991361684609157,2.616712175881872,1.7246637032252639,0.0,-0.5343887279634113,0.0,0.0,0.0,0.0,0.0,0.0,0.0,0.0,0.0,1.0,0.0,0.0,0.0,0.0,1.0,0.0,1.0,0.0,0.0,0.0,0.0,0.0,0.0,0.0,0.0,0.0,1.0,1.0,0.0,0.0,2.75
CAR0129,-1.0923092221000483,1.1467469242338297,-0.6764442990425575,0.05931435886503804,-0.755751510402082,0.0,0.18816504505753917,0.0,0.0,0.0,0.0,0.0,0.0,1.0,0.0,0.0,0.0,0.0,0.0,0.0,0.0,1.0,0.0,1.0,0.0,0.0,0.0,1.0,0.0,0.0,0.0,0.0,0.0,0.0,0.0,0.0,1.0,1.22
CAR0311,1.6343218155148067,-1.6603548367152583,-0.8587844131406285,-0.08527350358114313,-0.755751510402082,0.0,1.3121375808679065,0.0,1.0,0.0,0.0,0.0,0.0,0.0,0.0,0.0,0.0,0.0,0.0,1.0,0.0,0.0,0.0,1.0,0.0,0.0,1.0,0.0,0.0,0.0,0.0,0.0,0.0,0.0,0.0,1.0,0.0,7.95
CAR0009,-0.7893502179206199,0.909613838847869,-0.2917511314941885,1.2317333304395088,-0.755751510402082,0.0,-0.8555237381949448,0.0,0.0,0.0,0.0,0.0,0.0,0.0,0.0,0.0,0.0,1.0,0.0,1.0,0.0,0.0,0.0,1.0,0.0,0.0,0.0,0.0,0.0,0.0,0.0,1.0,0.0,0.0,0.0,1.0,0.0,1.61
CAR0071,0.11952679461766508,0.6162075743196618,-1.4102520752908916,-1.2922678335666573,0.484456096411591,0.0,0.26844879761542256,0.0,0.0,1.0,0.0,0.0,0.0,0.0,0.0,0.0,0.0,0.0,0.0,1.0,0.0,0.0,1.0,0.0,0.0,0.0,0.0,0.0,1.0,0.0,0.0,0.0,0.0,0.0,0.0,0.0,1.0,4.32
CAR0283,-1.698227230458905,0.6829666145677713,0.1062839956223321,0.15046757649415254,1.7246637032252639,0.0,-1.4175100061001285,0.0,0.0,0.0,0.0,0.0,1.0,0.0,0.0,0.0,0.0,0.0,0.0,0.0,1.0,0.0,1.0,0.0,0.0,1.0,0.0,0.0,0.0,0.0,0.0,0.0,0.0,0.0,1.0,0.0,0.0,1.2
CAR0065,0.11952679461766508,-0.10728857820832667,0.3775705068414132,-1.0911021119024047,0.484456096411591,0.0,0.5895838078469561,0.0,0.0,0.0,0.0,0.0,0.0,0.0,0.0,0.0,1.0,0.0,0.0,0.0,0.0,1.0,0.0,1.0,1.0,0.0,0.0,0.0,0.0,0.0,0.0,0.0,0.0,0.0,0.0,0.0,1.0,5.07
CAR0045,1.3313628113353784,0.41728711485048514,-1.6303944081653918,-1.3991371232007914,-0.755751510402082,0.0,-1.0963749958685949,0.0,0.0,0.0,1.0,0.0,0.0,0.0,0.0,0.0,0.0,0.0,0.0,1.0,0.0,0.0,1.0,0.0,0.0,0.0,0.0,0.0,0.0,1.0,0.0,0.0,0.0,0.0,0.0,0.0,1.0,8.26
CAR0015,-0.7893502179206199,0.2570880292762747,-1.6303944081653918,-0.05069814517009995,-0.755751510402082,0.0,-0.7752399856370614,0.0,0.0,0.0,0.0,1.0,0.0,0.0,0.0,0.0,0.0,0.0,0.0,1.0,0.0,0.0,1.0,0.0,0.0,0.0,1.0,0.0,0.0,0.0,0.0,0.0,0.0,0.0,1.0,0.0,0.0,3.07
CAR0157,-0.4863912137411916,0.08962515312468744,0.6777645971248226,0.3673493701634248,-0.755751510402082,0.0,0.027597539941772414,0.0,0.0,0.0,0.0,0.0,0.0,0.0,0.0,1.0,0.0,0.0,0.0,1.0,0.0,0.0,0.0,1.0,0.0,0.0,0.0,1.0,0.0,0.0,0.0,0.0,0.0,0.0,0.0,0.0,1.0,3.3
CAR0041,-0.4863912137411916,0.6171402789463288,0.28417678986435246,-0.2550070812353562,-0.755751510402082,0.0,-1.4175100061001285,0.0,0.0,0.0,0.0,0.0,0.0,0.0,1.0,0.0,0.0,0.0,0.0,1.0,0.0,0.0,0.0,1.0,0.0,0.0,0.0,0.0,1.0,0.0,0.0,0.0,0.0,0.0,0.0,0.0,1.0,3.9
CAR0306,-1.698227230458905,0.7969261616805476,0.5576869610114589,-1.7040289200981735,0.484456096411591,0.0,1.3121375808679065,0.0,1.0,0.0,0.0,0.0,0.0,0.0,0.0,0.0,0.0,0.0,0.0,1.0,0.0,0.0,1.0,0.0,0.0,0.0,0.0,0.0,1.0,0.0,0.0,0.0,0.0,0.0,0.0,0.0,1.0,1.2
CAR0124,-1.3952682262794767,1.1184266201150297,-1.6170524485972404,-1.5122928416369332,-0.755751510402082,0.0,1.1515700757521399,0.0,0.0,0.0,0.0,0.0,0.0,1.0,0.0,0.0,0.0,0.0,0.0,0.0,0.0,1.0,0.0,1.0,0.0,0.0,0.0,0.0,0.0,1.0,0.0,0.0,0.0,0.0,0.0,1.0,0.0,1.2
CAR0295,-0.7893502179206199,0.2689022878807243,-1.5147640919080787,-1.917767499366442,0.484456096411591,0.0,0.6698675604048395,0.0,0.0,0.0,0.0,1.0,0.0,0.0,0.0,0.0,0.0,0.0,0.0,0.0,0.0,1.0,0.0,1.0,0.0,1.0,0.0,0.0,0.0,0.0,0.0,0.0,0.0,0.0,0.0,0.0,1.0,1.95
CAR0262,-1.3952682262794767,-2.0469185088039095,0.5932655198598629,-0.16071064920523795,-0.755751510402082,0.0,0.42901630273118935,0.0,0.0,1.0,0.0,0.0,0.0,0.0,0.0,0.0,0.0,0.0,1.0,0.0,0.0,0.0,1.0,0.0,0.0,0.0,0.0,0.0,0.0,0.0,0.0,0.0,0.0,1.0,0.0,1.0,0.0,16.9
CAR0217,0.4224857987970934,-1.4318422031818265,-1.6303944081653918,-1.2985542623686652,0.484456096411591,0.0,0.9107188180784896,0.0,0.0,0.0,1.0,0.0,0.0,0.0,0.0,0.0,0.0,0.0,0.0,0.0,0.0,1.0,0.0,1.0,1.0,0.0,0.0,0.0,0.0,0.0,0.0,0.0,0.0,0.0,1.0,0.0,0.0,5.79
CAR0154,0.4224857987970934,-1.0598909035776258,0.13963889454271092,-0.9213685342481921,-0.755751510402082,0.0,1.0712863231942564,0.0,0.0,0.0,0.0,0.0,0.0,0.0,1.0,0.0,0.0,0.0,0.0,0.0,0.0,1.0,0.0,1.0,0.0,0.0,0.0,0.0,0.0,0.0,0.0,1.0,0.0,0.0,1.0,0.0,0.0,6.22
CAR0024,1.3313628113353784,-0.7070176531552517,0.6110547992840649,0.5936608070357082,0.484456096411591,0.0,0.027597539941772414,0.0,1.0,0.0,0.0,0.0,0.0,0.0,0.0,0.0,0.0,0.0,0.0,1.0,0.0,0.0,1.0,0.0,0.0,1.0,0.0,0.0,0.0,0.0,0.0,0.0,0.0,0.0,0.0,0.0,1.0,6.74
CAR0279,0.11952679461766508,-0.9127779465533201,-0.9143759113412598,-0.44359994529559277,-0.755751510402082,0.0,-0.2935374702897611,0.0,0.0,0.0,1.0,0.0,0.0,0.0,0.0,0.0,0.0,0.0,0.0,1.0,0.0,0.0,1.0,0.0,0.0,0.0,0.0,0.0,1.0,0.0,0.0,0.0,0.0,0.0,1.0,0.0,0.0,6.45
CAR0237,-0.7893502179206199,0.5731335788335826,-1.6303944081653918,-2.5978805153836713,-0.755751510402082,0.0,1.1515700757521399,0.0,0.0,0.0,0.0,0.0,0.0,1.0,0.0,0.0,0.0,0.0,0.0,0.0,1.0,0.0,1.0,0.0,0.0,0.0,0.0,0.0,0.0,0.0,0.0,0.0,1.0,0.0,0.0,0.0,1.0,2.98
CAR0208,-0.4863912137411916,0.9709462339953701,0.9712877076241562,0.7445350982838979,1.7246637032252639,0.0,-1.4175100061001285,0.0,0.0,1.0,0.0,0.0,0.0,0.0,0.0,0.0,0.0,0.0,0.0,0.0,0.0,1.0,1.0,0.0,0.0,0.0,1.0,0.0,0.0,0.0,0.0,0.0,0.0,0.0,0.0,1.0,0.0,2.86
CAR0213,-1.698227230458905,1.034341884832165,-0.9699674095418912,-0.6416224525588415,0.484456096411591,0.0,-0.3738212228476445,0.0,0.0,0.0,0.0,0.0,1.0,0.0,0.0,0.0,0.0,0.0,0.0,0.0,0.0,1.0,0.0,1.0,0.0,0.0,0.0,0.0,0.0,0.0,0.0,0.0,0.0,1.0,0.0,0.0,1.0,1.2
CAR0293,0.11952679461766508,-0.46392091091393484,-0.20725205422922882,0.3390604405543891,-0.755751510402082,0.0,0.6698675604048395,0.0,0.0,0.0,0.0,0.0,0.0,0.0,0.0,0.0,0.0,1.0,0.0,0.0,0.0,1.0,0.0,1.0,0.0,0.0,0.0,0.0,0.0,0.0,0.0,1.0,0.0,0.0,0.0,1.0,0.0,4.85
CAR0252,-0.18343220956176326,-0.07455912494528227,-0.7053518781068859,0.46793223099555054,1.7246637032252639,0.0,1.1515700757521399,0.0,0.0,0.0,0.0,0.0,1.0,0.0,0.0,0.0,0.0,0.0,0.0,0.0,0.0,1.0,1.0,0.0,0.0,0.0,0.0,1.0,0.0,0.0,0.0,0.0,0.0,0.0,0.0,1.0,0.0,4.25
CAR0312,1.3313628113353784,-1.1127441657554265,0.15742817396691297,0.5276533046146257,-0.755751510402082,0.0,0.7501513129627229,0.0,1.0,0.0,0.0,0.0,0.0,0.0,0.0,0.0,0.0,0.0,0.0,0.0,0.0,1.0,1.0,0.0,0.0,0.0,0.0,0.0,0.0,0.0,0.0,0.0,1.0,0.0,0.0,0.0,1.0,8.03
CAR0202,1.3313628113353784,-0.49908104896162675,-0.05159585926746099,-0.8647906750301212,1.7246637032252639,0.0,1.3121375808679065,0.0,0.0,0.0,0.0,0.0,0.0,0.0,1.0,0.0,0.0,0.0,0.0,0.0,0.0,1.0,1.0,0.0,0.0,1.0,0.0,0.0,0.0,0.0,0.0,0.0,0.0,0.0,0.0,0.0,1.0,6.68
CAR0162,1.3313628113353784,-1.1863713037089936,0.11295497540640786,-0.7139163837819317,-0.755751510402082,0.0,0.34873255017330596,0.0,0.0,0.0,0.0,1.0,0.0,0.0,0.0,0.0,0.0,0.0,0.0,0.0,0.0,1.0,0.0,1.0,0.0,0.0,0.0,1.0,0.0,0.0,0.0,0.0,0.0,0.0,0.0,0.0,1.0,8.65
CAR0044,0.11952679461766508,-0.004521486615555135,-0.16722617552477423,0.4333568725845074,-0.755751510402082,0.0,-1.0963749958685949,0.0,0.0,0.0,1.0,0.0,0.0,0.0,0.0,0.0,0.0,0.0,0.0,1.0,0.0,0.0,1.0,0.0,1.0,0.0,0.0,0.0,0.0,0.0,0.0,0.0,0.0,0.0,0.0,0.0,1.0,5.39
CAR0218,-0.7893502179206199,0.37401527292844633,1.6050307871113538,1.2694519032515559,2.3447675066321003,0.0,0.5093000552890727,0.0,0.0,0.0,0.0,0.0,1.0,0.0,0.0,0.0,0.0,0.0,0.0,0.0,0.0,1.0,0.0,1.0,1.0,0.0,0.0,0.0,0.0,0.0,0.0,0.0,0.0,0.0,0.0,1.0,0.0,2.21
CAR0191,-0.4863912137411916,0.9591602391674863,1.5939124874712276,0.8419747447150199,-0.755751510402082,0.0,0.42901630273118935,0.0,0.0,0.0,0.0,0.0,0.0,0.0,0.0,0.0,1.0,0.0,0.0,0.0,1.0,0.0,0.0,1.0,1.0,0.0,0.0,0.0,0.0,0.0,0.0,0.0,0.0,0.0,0.0,0.0,1.0,5.24
CAR0260,1.02840380715595,-1.1630254242657512,0.9801823473362572,0.8828365319280707,-0.755751510402082,0.0,-0.3738212228476445,0.0,0.0,0.0,0.0,0.0,1.0,0.0,0.0,0.0,0.0,0.0,0.0,0.0,1.0,0.0,0.0,1.0,0.0,0.0,0.0,0.0,0.0,0.0,0.0,1.0,0.0,0.0,0.0,0.0,1.0,7.73
CAR0106,1.3313628113353784,-1.101269072469765,0.07070543677392803,1.1877283288254536,2.3447675066321003,0.0,1.5529888385415567,0.0,0.0,0.0,0.0,0.0,0.0,0.0,0.0,0.0,1.0,0.0,0.0,0.0,0.0,1.0,0.0,1.0,0.0,0.0,0.0,0.0,0.0,1.0,0.0,0.0,0.0,0.0,0.0,0.0,1.0,9.07
CAR0054,1.3313628113353784,-1.2036122074140514,-1.6303944081653918,0.4019247285744679,-0.755751510402082,0.0,0.5895838078469561,0.0,0.0,0.0,1.0,0.0,0.0,0.0,0.0,0.0,0.0,0.0,0.0,0.0,0.0,1.0,0.0,1.0,0.0,0.0,0.0,0.0,0.0,1.0,0.0,0.0,0.0,0.0,0.0,1.0,0.0,9.33
CAR0002,0.11952679461766508,0.4397568172201918,-0.9566254499737397,-0.1135624331901788,-0.755751510402082,0.0,0.8304350655206063,0.0,0.0,0.0,0.0,0.0,0.0,0.0,0.0,0.0,1.0,0.0,0.0,1.0,0.0,0.0,1.0,0.0,0.0,0.0,1.0,0.0,0.0,0.0,0.0,0.0,0.0,0.0,0.0,0.0,1.0,4.83
CAR0050,-1.3952682262794767,1.046806210297625,0.777829293885959,0.5433693766196454,-0.755751510402082,0.0,-0.4541049754055279,0.0,0.0,0.0,0.0,0.0,0.0,1.0,0.0,0.0,0.0,0.0,0.0,0.0,0.0,1.0,0.0,1.0,0.0,0.0,0.0,0.0,0.0,0.0,0.0,1.0,0.0,0.0,0.0,1.0,0.0,1.2
CAR0081,-1.0923092221000483,0.569515815433177,0.4998718028828022,1.7975119226202185,0.484456096411591,0.0,-1.2569425009843618,0.0,0.0,1.0,0.0,0.0,0.0,0.0,0.0,0.0,0.0,0.0,0.0,0.0,0.0,1.0,0.0,1.0,0.0,0.0,0.0,0.0,0.0,0.0,1.0,0.0,0.0,0.0,0.0,1.0,0.0,2.62
CAR0206,-0.7893502179206199,1.4335112012691047,-0.20947571415725408,0.1881861493061995,-0.755751510402082,0.0,0.7501513129627229,0.0,0.0,1.0,0.0,0.0,0.0,0.0,0.0,0.0,0.0,0.0,0.0,0.0,0.0,1.0,1.0,0.0,1.0,0.0,0.0,0.0,0.0,0.0,0.0,0.0,0.0,0.0,0.0,0.0,1.0,2.74
CAR0035,-1.698227230458905,0.6815251619629222,0.1463098743267867,0.3390604405543891,-0.755751510402082,0.0,-0.4541049754055279,0.0,0.0,0.0,1.0,0.0,0.0,0.0,0.0,0.0,0.0,0.0,0.0,1.0,0.0,0.0,1.0,0.0,0.0,0.0,0.0,1.0,0.0,0.0,0.0,0.0,0.0,0.0,0.0,1.0,0.0,1.2
CAR0264,-1.698227230458905,0.8000069133262055,-0.523011764008815,-0.5976174509447861,-0.755751510402082,0.0,1.7135563436573236,0.0,0.0,0.0,0.0,0.0,1.0,0.0,0.0,0.0,0.0,0.0,0.0,0.0,0.0,1.0,1.0,0.0,0.0,0.0,0.0,1.0,0.0,0.0,0.0,0.0,0.0,0.0,0.0,0.0,1.0,1.2
CAR0092,-1.698227230458905,2.2748955658524976,2.5100603778176325,1.706358704991104,-0.755751510402082,0.0,0.42901630273118935,0.0,0.0,0.0,0.0,0.0,0.0,0.0,0.0,0.0,0.0,1.0,0.0,0.0,0.0,1.0,0.0,1.0,0.0,0.0,0.0,0.0,0.0,0.0,1.0,0.0,0.0,0.0,0.0,1.0,0.0,1.2
CAR0053,-1.0923092221000483,2.3085294599656434,-1.4613962536354725,-2.0309232178025836,0.484456096411591,0.0,-1.0963749958685949,0.0,0.0,0.0,0.0,0.0,1.0,0.0,0.0,0.0,0.0,0.0,0.0,1.0,0.0,0.0,0.0,1.0,1.0,0.0,0.0,0.0,0.0,0.0,0.0,0.0,0.0,0.0,0.0,0.0,1.0,1.2
CAR0265,0.7254448029765217,-0.2098012958120072,1.500518770494167,0.6596683094567909,1.7246637032252639,0.0,0.42901630273118935,0.0,0.0,0.0,0.0,0.0,0.0,1.0,0.0,0.0,0.0,0.0,0.0,1.0,0.0,0.0,0.0,1.0,0.0,0.0,0.0,0.0,0.0,1.0,0.0,0.0,0.0,0.0,0.0,0.0,1.0,5.97
CAR0242,-0.4863912137411916,0.11964128383742764,-0.3517899495508704,0.31705793974736096,-0.755751510402082,0.0,0.18816504505753917,0.0,0.0,1.0,0.0,0.0,0.0,0.0,0.0,0.0,0.0,0.0,0.0,1.0,0.0,0.0,1.0,0.0,0.0,0.0,0.0,0.0,0.0,0.0,0.0,1.0,0.0,0.0,0.0,0.0,1.0,4.88
CAR0014,0.4224857987970934,-0.5244336565410316,-0.6942335784667596,-1.0973885407044126,-0.755751510402082,0.0,1.1515700757521399,0.0,1.0,0.0,0.0,0.0,0.0,0.0,0.0,0.0,0.0,0.0,0.0,0.0,0.0,1.0,1.0,0.0,0.0,0.0,0.0,0.0,1.0,0.0,0.0,0.0,0.0,0.0,0.0,1.0,0.0,5.91
CAR0089,0.11952679461766508,0.29323739950376504,-1.4436069742112705,0.3987815141734642,-0.755751510402082,0.0,-1.2569425009843618,0.0,0.0,0.0,0.0,0.0,0.0,1.0,0.0,0.0,0.0,0.0,0.0,0.0,0.0,1.0,0.0,1.0,0.0,0.0,0.0,0.0,1.0,0.0,0.0,0.0,0.0,0.0,0.0,1.0,0.0,2.64
CAR0274,0.11952679461766508,0.07566284750124708,-0.36957922897507245,-0.18271315001226518,1.7246637032252639,0.0,-0.8555237381949448,0.0,0.0,0.0,0.0,0.0,0.0,0.0,0.0,0.0,1.0,0.0,0.0,0.0,0.0,1.0,0.0,1.0,0.0,1.0,0.0,0.0,0.0,0.0,0.0,0.0,0.0,0.0,0.0,0.0,1.0,3.92
CAR0167,-1.698227230458905,2.39481876982063,1.0090899264005855,0.9802761783591936,1.7246637032252639,0.0,0.991002570636373,0.0,0.0,0.0,0.0,1.0,0.0,0.0,0.0,0.0,0.0,0.0,0.0,1.0,0.0,0.0,1.0,0.0,0.0,0.0,1.0,0.0,0.0,0.0,0.0,0.0,0.0,0.0,0.0,1.0,0.0,1.2
CAR0315,0.4224857987970934,-0.2096317131526132,0.5487923212993578,0.48364830300057027,-0.755751510402082,0.0,-0.6146724805212946,0.0,0.0,0.0,0.0,0.0,0.0,0.0,0.0,0.0,1.0,0.0,0.0,0.0,0.0,1.0,0.0,1.0,0.0,0.0,0.0,0.0,1.0,0.0,0.0,0.0,0.0,0.0,0.0,0.0,1.0,5.51
CAR0135,-0.18343220956176326,0.5766665509042912,1.500518770494167,1.4234694089007494,-0.755751510402082,0.0,1.39242133342579,0.0,1.0,0.0,0.0,0.0,0.0,0.0,0.0,0.0,0.0,0.0,1.0,0.0,0.0,0.0,0.0,1.0,0.0,0.0,0.0,0.0,0.0,0.0,0.0,0.0,1.0,0.0,0.0,0.0,1.0,5.09
CAR0308,-1.698227230458905,0.856110509809058,0.5020954628108275,0.8576908167200397,-0.755751510402082,0.0,1.0712863231942564,0.0,0.0,0.0,0.0,0.0,0.0,0.0,0.0,0.0,0.0,1.0,0.0,0.0,0.0,1.0,1.0,0.0,0.0,0.0,0.0,0.0,0.0,0.0,0.0,0.0,0.0,1.0,1.0,0.0,0.0,1.2
CAR0244,0.11952679461766508,-0.22675956175140843,-0.9388361705495376,-0.6259063805538218,-0.755751510402082,0.0,0.027597539941772414,0.0,0.0,0.0,0.0,0.0,0.0,0.0,1.0,0.0,0.0,0.0,0.0,0.0,0.0,1.0,1.0,0.0,0.0,0.0,0.0,0.0,1.0,0.0,0.0,0.0,0.0,0.0,0.0,0.0,1.0,6.32
CAR0055,0.7254448029765217,-1.3880898770581713,-1.5681319301806849,-0.37444922847350637,-0.755751510402082,0.0,-0.2935374702897611,0.0,0.0,1.0,0.0,0.0,0.0,0.0,0.0,0.0,0.0,0.0,0.0,0.0,0.0,1.0,0.0,1.0,0.0,0.0,0.0,0.0,0.0,1.0,0.0,0.0,0.0,0.0,0.0,0.0,1.0,6.39
CAR0051,-1.0923092221000483,1.2597455029433733,0.36422854727326165,1.0714293959883072,-0.755751510402082,0.0,-0.13296996517399434,0.0,1.0,0.0,0.0,0.0,0.0,0.0,0.0,0.0,0.0,0.0,0.0,0.0,0.0,1.0,0.0,1.0,0.0,0.0,1.0,0.0,0.0,0.0,0.0,0.0,0.0,0.0,0.0,0.0,1.0,1.2
CAR0175,-0.7893502179206199,1.9411003646119496,1.100259983449621,0.8765501031260631,1.7246637032252639,0.0,-0.6949562330791781,0.0,0.0,0.0,0.0,0.0,0.0,0.0,1.0,0.0,0.0,0.0,0.0,0.0,0.0,1.0,0.0,1.0,0.0,1.0,0.0,0.0,0.0,0.0,0.0,0.0,0.0,0.0,0.0,0.0,1.0,1.2
CAR0190,0.11952679461766508,-1.001865370288308,-0.9744147293979417,-0.47817530370663597,-0.755751510402082,0.0,-1.5780775112158953,0.0,0.0,0.0,0.0,1.0,0.0,0.0,0.0,0.0,0.0,0.0,0.0,1.0,0.0,0.0,0.0,1.0,0.0,0.0,0.0,1.0,0.0,0.0,0.0,0.0,0.0,0.0,0.0,1.0,0.0,4.27
CAR0319,-0.18343220956176326,1.4798637948368014,-0.01379364049103166,0.44592973018852333,-0.755751510402082,0.0,-1.4175100061001285,0.0,0.0,1.0,0.0,0.0,0.0,0.0,0.0,0.0,0.0,0.0,0.0,1.0,0.0,0.0,1.0,0.0,0.0,0.0,0.0,1.0,0.0,0.0,0.0,0.0,0.0,0.0,0.0,1.0,0.0,3.68
CAR0188,-1.0923092221000483,0.1720140618136118,0.29974240936052926,-1.1728256863285076,0.484456096411591,0.0,-1.2569425009843618,0.0,0.0,0.0,0.0,0.0,0.0,0.0,0.0,0.0,0.0,1.0,0.0,1.0,0.0,0.0,1.0,0.0,0.0,0.0,0.0,0.0,0.0,0.0,0.0,1.0,0.0,0.0,0.0,1.0,0.0,2.06
CAR0170,-0.4863912137411916,0.44832074151958945,-1.6303944081653918,-2.5978805153836713,1.7246637032252639,0.0,-1.6583612637737786,0.0,0.0,1.0,0.0,0.0,0.0,0.0,0.0,0.0,0.0,0.0,0.0,0.0,0.0,1.0,0.0,1.0,0.0,0.0,0.0,1.0,0.0,0.0,0.0,0.0,0.0,0.0,0.0,0.0,1.0,2.71
CAR0059,0.4224857987970934,-1.0487267118341868,0.8156315126623884,1.316600119266615,-0.755751510402082,0.0,0.6698675604048395,0.0,0.0,1.0,0.0,0.0,0.0,0.0,0.0,0.0,0.0,0.0,0.0,0.0,0.0,1.0,1.0,0.0,1.0,0.0,0.0,0.0,0.0,0.0,0.0,0.0,0.0,0.0,0.0,1.0,0.0,7.4
CAR0049,0.7254448029765217,-0.005454191242222205,1.0846943639534443,1.4611879817127962,-0.755751510402082,0.0,0.991002570636373,0.0,0.0,0.0,1.0,0.0,0.0,0.0,0.0,0.0,0.0,0.0,0.0,0.0,0.0,1.0,0.0,1.0,0.0,0.0,0.0,0.0,0.0,0.0,1.0,0.0,0.0,0.0,0.0,0.0,1.0,8.77
CAR0236,1.3313628113353784,-1.9310370248846678,-0.18501545494897628,-1.6065892736670515,1.7246637032252639,0.0,-0.6146724805212946,0.0,0.0,0.0,0.0,0.0,0.0,0.0,1.0,0.0,0.0,0.0,0.0,0.0,1.0,0.0,0.0,1.0,0.0,0.0,1.0,0.0,0.0,0.0,0.0,0.0,0.0,0.0,0.0,0.0,1.0,10.04
CAR0253,-1.3952682262794767,0.8241724422898523,0.49097716317070117,0.7131029542738584,-0.755751510402082,0.0,-0.13296996517399434,0.0,1.0,0.0,0.0,0.0,0.0,0.0,0.0,0.0,0.0,0.0,0.0,0.0,0.0,1.0,0.0,1.0,0.0,0.0,0.0,0.0,0.0,0.0,0.0,0.0,0.0,1.0,0.0,1.0,0.0,1.2
CAR0022,0.4224857987970934,-0.2851242603595144,0.6177257790681407,0.6439522374517712,-0.755751510402082,0.0,1.3121375808679065,0.0,0.0,0.0,0.0,1.0,0.0,0.0,0.0,0.0,0.0,0.0,1.0,0.0,0.0,0.0,0.0,1.0,0.0,1.0,0.0,0.0,0.0,0.0,0.0,0.0,0.0,0.0,0.0,0.0,1.0,5.95
CAR0161,1.3313628113353784,-0.3244674373389253,1.61614908675148,-0.24872065243334868,1.7246637032252639,0.0,0.6698675604048395,0.0,0.0,0.0,0.0,0.0,0.0,1.0,0.0,0.0,0.0,0.0,0.0,0.0,1.0,0.0,1.0,0.0,1.0,0.0,0.0,0.0,0.0,0.0,0.0,0.0,0.0,0.0,1.0,0.0,0.0,8.66
CAR0277,-0.7893502179206199,0.6372358240845193,-0.3673555690470472,-1.6600239184841186,-0.755751510402082,0.0,1.0712863231942564,0.0,1.0,0.0,0.0,0.0,0.0,0.0,0.0,0.0,0.0,0.0,0.0,0.0,0.0,1.0,0.0,1.0,0.0,0.0,0.0,0.0,1.0,0.0,0.0,0.0,0.0,0.0,1.0,0.0,0.0,1.68
CAR0192,1.02840380715595,-1.5066846835277174,1.0090899264005855,0.5182236614116135,-0.755751510402082,0.0,0.42901630273118935,0.0,0.0,1.0,0.0,0.0,0.0,0.0,0.0,0.0,0.0,0.0,0.0,0.0,0.0,1.0,1.0,0.0,1.0,0.0,0.0,0.0,0.0,0.0,0.0,0.0,0.0,0.0,0.0,1.0,0.0,6.92
CAR0294,0.4224857987970934,-0.2554755587421279,-0.409605107679527,0.3704925845644285,-0.755751510402082,0.0,-0.4541049754055279,0.0,0.0,0.0,0.0,0.0,0.0,0.0,0.0,1.0,0.0,0.0,0.0,1.0,0.0,0.0,0.0,1.0,0.0,1.0,0.0,0.0,0.0,0.0,0.0,0.0,0.0,0.0,1.0,0.0,0.0,6.23
CAR0258,1.3313628113353784,-1.7306751128106421,-0.7809563156597445,-0.8962228190401607,-0.755751510402082,0.0,-1.0160912433107117,0.0,1.0,0.0,0.0,0.0,0.0,0.0,0.0,0.0,0.0,0.0,0.0,0.0,1.0,0.0,1.0,0.0,0.0,0.0,0.0,0.0,0.0,0.0,1.0,0.0,0.0,0.0,1.0,0.0,0.0,10.2
CAR0150,0.7254448029765217,-2.038439375834209,2.7991361684609157,2.616712175881872,-0.755751510402082,0.0,-0.6146724805212946,0.0,0.0,0.0,0.0,0.0,0.0,0.0,1.0,0.0,0.0,0.0,0.0,0.0,0.0,1.0,1.0,0.0,0.0,0.0,0.0,0.0,1.0,0.0,0.0,0.0,0.0,0.0,0.0,0.0,1.0,22.5
CAR0131,0.4224857987970934,0.5785036963810597,-0.22948865350948136,-2.238375368268844,0.484456096411591,0.0,0.26844879761542256,0.0,0.0,0.0,0.0,0.0,0.0,1.0,0.0,0.0,0.0,0.0,0.0,1.0,0.0,0.0,1.0,0.0,0.0,0.0,0.0,0.0,0.0,0.0,1.0,0.0,0.0,0.0,0.0,0.0,1.0,5.57
CAR0152,-0.4863912137411916,-0.38382136812682965,1.3537572152445,1.6277783449660055,-0.755751510402082,0.0,0.027597539941772414,0.0,0.0,0.0,0.0,0.0,0.0,0.0,0.0,0.0,0.0,1.0,0.0,0.0,0.0,1.0,1.0,0.0,0.0,0.0,0.0,0.0,1.0,0.0,0.0,0.0,0.0,0.0,0.0,0.0,1.0,4.23
CAR0100,-0.18343220956176326,0.02569249053314475,-0.627523780626002,0.6502386662537796,-0.755751510402082,0.0,-0.7752399856370614,0.0,0.0,1.0,0.0,0.0,0.0,0.0,0.0,0.0,0.0,0.0,0.0,0.0,0.0,1.0,0.0,1.0,0.0,0.0,1.0,0.0,0.0,0.0,0.0,0.0,0.0,0.0,0.0,0.0,1.0,3.49
CAR0088,-0.7893502179206199,0.7647902477253823,1.2514688585553384,0.9802761783591936,-0.755751510402082,0.0,1.5529888385415567,0.0,0.0,0.0,0.0,1.0,0.0,0.0,0.0,0.0,0.0,0.0,0.0,1.0,0.0,0.0,1.0,0.0,0.0,0.0,0.0,1.0,0.0,0.0,0.0,0.0,0.0,0.0,0.0,0.0,1.0,3.36
CAR0215,1.6343218155148067,-0.4602466199603979,0.21301967216754433,0.14418114769214413,0.484456096411591,0.0,0.34873255017330596,0.0,0.0,0.0,0.0,0.0,0.0,1.0,0.0,0.0,0.0,0.0,0.0,0.0,0.0,1.0,0.0,1.0,0.0,0.0,0.0,0.0,1.0,0.0,0.0,0.0,0.0,0.0,0.0,1.0,0.0,7.57
CAR0122,1.6343218155148067,-1.9310370248846678,-1.2234646413367702,-1.6128757024690594,-0.755751510402082,0.0,1.0712863231942564,0.0,0.0,0.0,0.0,0.0,0.0,0.0,0.0,0.0,0.0,1.0,0.0,0.0,0.0,1.0,1.0,0.0,0.0,0.0,0.0,0.0,0.0,0.0,0.0,0.0,0.0,1.0,1.0,0.0,0.0,9.18
CAR0320,0.11952679461766508,-0.056555099272951284,-0.1494368961005722,-1.7323178497072091,0.484456096411591,0.0,1.6332725910994401,0.0,1.0,0.0,0.0,0.0,0.0,0.0,0.0,0.0,0.0,0.0,0.0,1.0,0.0,0.0,0.0,1.0,1.0,0.0,0.0,0.0,0.0,0.0,0.0,0.0,0.0,0.0,0.0,0.0,1.0,5.57
CAR0021,1.3313628113353784,-0.7608036199597193,-0.011569980563006404,-0.34301708446346696,1.7246637032252639,0.0,0.9107188180784896,0.0,0.0,0.0,0.0,0.0,0.0,0.0,0.0,0.0,1.0,0.0,0.0,0.0,0.0,1.0,1.0,0.0,0.0,0.0,0.0,0.0,0.0,0.0,0.0,1.0,0.0,0.0,0.0,0.0,1.0,7.97
CAR0189,-1.3952682262794767,-2.0455053199756263,2.7991361684609157,2.616712175881872,0.484456096411591,0.0,-1.497793758658012,0.0,0.0,0.0,0.0,0.0,0.0,1.0,0.0,0.0,0.0,0.0,0.0,0.0,0.0,1.0,0.0,1.0,0.0,0.0,0.0,0.0,1.0,0.0,0.0,0.0,0.0,0.0,0.0,0.0,1.0,18.7
CAR0072,1.02840380715595,-0.961928654001018,1.335967935820298,1.637207988169017,0.484456096411591,0.0,-0.4541049754055279,0.0,0.0,0.0,0.0,0.0,0.0,1.0,0.0,0.0,0.0,0.0,0.0,0.0,0.0,1.0,0.0,1.0,0.0,0.0,0.0,0.0,0.0,0.0,0.0,1.0,0.0,0.0,0.0,1.0,0.0,7.12
CAR0107,1.6343218155148067,-1.7121340753835634,-0.3718028889030977,0.009022928448975136,-0.755751510402082,0.0,-0.8555237381949448,0.0,0.0,0.0,0.0,1.0,0.0,0.0,0.0,0.0,0.0,0.0,0.0,1.0,0.0,0.0,0.0,1.0,0.0,0.0,0.0,0.0,1.0,0.0,0.0,0.0,0.0,0.0,0.0,1.0,0.0,9.07
CAR0271,-1.0923092221000483,-0.0711957355339677,-0.4407363466718806,-0.8427881742230935,-0.755751510402082,0.0,1.3121375808679065,0.0,0.0,0.0,0.0,0.0,0.0,0.0,0.0,1.0,0.0,0.0,0.0,0.0,0.0,1.0,1.0,0.0,1.0,0.0,0.0,0.0,0.0,0.0,0.0,0.0,0.0,0.0,0.0,1.0,0.0,2.27
CAR0103,1.02840380715595,-0.9038183293820031,0.43316200504204455,-0.006693143556044575,-0.755751510402082,0.0,0.10788129249965579,0.0,0.0,0.0,0.0,0.0,0.0,0.0,0.0,0.0,1.0,0.0,0.0,0.0,0.0,1.0,1.0,0.0,0.0,0.0,0.0,0.0,0.0,0.0,0.0,0.0,1.0,0.0,1.0,0.0,0.0,9.31
